Date, Open , High, Low , Close,Volume,Adj Close
2012-12-31,155.8,159.25,154.15,156.3,712553,156.6
2012-12-28,157.65,160.9,153.55,155.3,1262226,155.8
2012-12-27,162.9,164.5,154.5,157.55,2434489,156.85
2012-12-26,155.7,161.2,153.7,160.85,1633156,160
2012-12-24,153.55,157.8,152.5,153.55,837808,153.2
2012-12-21,157,158,151,152.15,1768263,152.05
2012-12-20,155,164.4,150.1,157,5204010,158.45
2012-12-19,147.75,155.6,146,153.35,3120522,153.55
2012-12-18,148,149,140.6,146.85,2096508,146.65
2012-12-17,136.95,149.95,135.95,146.8,3794340,146.9
2012-12-14,131.95,137.7,130.9,136.9,1089349,136.35
2012-12-13,135.55,135.8,128.3,131,949117,130.4
2012-12-12,133.5,136.5,131.2,135,814961,134.6
2012-12-11,137.05,138.7,129.45,132.4,1039222,132.95
2012-12-10,135.9,138.25,134.5,136,727201,136.5
2012-12-07,141.85,141.85,132.55,134.5,1144297,135.2
2012-12-06,138.9,142.65,134.55,140.45,2129036,141
2012-12-05,138.95,140.8,134.5,137.3,1494970,137.75
2012-12-04,142,142.75,136.1,137.3,1497187,137.8
2012-12-03,133.45,141.5,132.25,141,2104716,139.55
2012-11-30,134.75,135.65,131.05,132.85,957837,132.25
2012-11-29,136.05,141.5,131.5,133.3,2355920,133.35
2012-11-27,135,138.8,134.05,135.25,2267492,135
2012-11-26,129.2,139.7,128.5,133.7,3342316,134.2
2012-11-23,125.8,132,124.55,128,2427966,128.35
2012-11-22,126,129.45,122.5,125.2,2034329,125.5
2012-11-21,115.9,126,115.9,126,4511053,125.3
2012-11-20,121.55,124.55,114,114.6,1163581,114.55
2012-11-19,125.35,126.45,119,120.75,900123,120.8
2012-11-16,132.7,134.5,121.05,124,1581241,123.6
2012-11-15,130,135.45,125.05,132.1,2142914,132.25
2012-11-13,128.65,134.7,126.4,129.9,2100257,132.2
2012-11-12,114.65,124.9,112.2,124.9,3641262,124.9
2012-11-09,119.4,122,112.55,113.7,1401298,113.55
2012-11-08,113.4,123,111.9,117.35,2550311,117.55
2012-11-07,108.9,116.5,107.5,114.45,1799467,114.4
2012-11-06,101.95,106.7,101.9,106.7,649473,106.7
2012-11-05,101,105.7,98.55,100.95,387682,101.65
2012-11-02,101.3,104.9,100.05,102.4,920360,102.75
2012-11-01,100.05,102.95,96.5,100.5,1202317,100.75
2012-10-31,93.05,98.05,90.65,98.05,911523,98.05
2012-10-30,96.1,101.4,92.55,93.25,986894,93.4
2012-10-29,103,105.5,95.9,97,863851,97.3
2012-10-26,108.15,109,100.6,100.6,1194296,100.9
2012-10-25,107,112.45,104.9,107.5,726397,105.85
2012-10-23,118.2,119.3,110.4,110.4,754879,110.4
2012-10-22,120.7,121.7,112.1,115.3,1126032,116.2
2012-10-19,116.8,116.8,112.55,116.8,1394944,116.8
2012-10-18,107.7,112.9,104,112.9,1818058,111.25
2012-10-17,108.85,108.85,100.3,106.4,6216083,107.55
2012-10-16,103.7,103.7,103.7,103.7,340229,103.7
2012-10-15,98.8,98.8,98.8,98.8,153194,98.8
2012-10-12,93,94.1,92.8,94.1,855822,94.1
2012-10-11,90.05,94.45,89.6,89.6,1528410,89.65
2012-10-10,100.7,103.6,94.3,94.3,2294670,94.3
2012-10-09,94.95,99.25,92.05,99.25,3635463,99.25
2012-10-08,87.7,95.4,84.6,92.7,4476301,94.55
2012-10-05,83,88.6,80.5,87.4,4119047,86.75
2012-10-04,73.55,80.55,72.65,80.55,3126079,80.55
2012-10-03,73.9,74,72.1,73.4,225205,73.25
2012-10-01,71.95,73.65,71,73.5,315268,73.2
2012-09-28,73.4,73.5,70.8,70.9,184546,71.3
2012-09-27,71.3,73.6,71.25,72.95,265776,72.55
2012-09-26,73.2,73.65,70,70.3,356573,70.8
2012-09-25,72.25,73.8,71.5,72.95,406323,72.45
2012-09-24,72.05,73.9,71.7,72.3,178716,72.15
2012-09-21,71.1,73.8,71.1,72,136329,72.05
2012-09-20,70.15,73.75,70.15,72.75,41543,73.3
2012-09-18,73.2,73.9,73,73.4,107542,73.35
2012-09-17,73.1,74.2,72,73.5,109226,73.3
2012-09-14,72.95,73.9,71,72.3,46856,72.45
2012-09-13,71.5,73.4,70.35,71,12884,70.75
2012-09-12,73,73,71.35,72,15355,72
2012-09-11,72.1,74,72.05,72.5,31970,72.7
2012-09-10,77.8,77.9,73,73.25,69720,73.15
2012-09-08,73,74.95,72.5,74,6478,74.45
2012-09-07,70.4,74,70.25,73,26308,72
2012-09-06,71.5,73.7,68.2,68.2,14643,69.5
2012-09-05,72,73.95,70.6,70.6,14601,71.5
2012-09-04,71.8,73.4,71.8,72.5,19808,72.55
2012-09-03,75.15,75.95,72.35,72.35,30482,72.9
2012-08-31,79.45,79.45,72.25,75.85,57420,74.9
2012-08-30,74.2,76.5,74,76,33968,76.05
2012-08-29,76,76,74,74.2,31893,74.5
2012-08-28,75.1,77.9,72.3,75,64812,75.75
2012-08-27,77,77.5,75.15,76,6553,75.95
2012-08-24,75.65,80.2,75.3,77.75,20962,76.45
2012-08-23,77.9,79.45,75.5,75.5,12113,76.4
2012-08-22,78.75,79.6,76.5,77,51219,77.1
2012-08-21,80,80,78.2,79,22872,78.35
2012-08-17,79.5,79.9,77.15,79.9,6812,78.95
2012-08-16,76.15,79.8,76.15,79.75,12884,79
2012-08-14,78,79,76.05,78.55,13568,78.05
2012-08-13,77.25,78.2,74,78.2,19641,77.85
2012-08-10,77.1,79.5,77,78,4437,77.25
2012-08-09,78.9,78.9,77.2,77.5,1775,77.5
2012-08-08,79.4,79.5,77.6,77.6,24956,78.5
2012-08-07,80.2,80.2,78,79,9373,78.65
2012-08-06,79,80.3,79,80.15,25633,79.75
2012-08-03,80,80,77,79.05,19185,79.15
2012-08-02,78.25,80,78.1,80,2921,79.6
2012-08-01,78.9,80.4,77.75,79,6761,79.05
2012-07-31,77.1,80.15,77,78.9,10780,78
2012-07-30,77.1,79.6,76.1,79,13667,78.45
2012-07-27,78.9,79.5,76.1,78.9,22454,77.9
2012-07-26,78.9,79.4,76.1,77.5,16198,77.5
2012-07-25,78.1,79,77.1,78.45,11971,78.15
2012-07-24,80.4,80.9,78.5,79,14907,78.8
2012-07-23,80,82,78.55,80,56886,79.9
2012-07-20,80.5,81.9,78.75,80,189233,79.2
2012-07-19,81.25,81.7,80.5,81.7,22970,81.4
2012-07-18,80.1,83.9,76.75,80.4,59050,80.75
2012-07-17,82,83.4,79.7,80,22064,80.1
2012-07-16,82.1,83,81.55,82.45,9132,81.8
2012-07-13,80.6,84.35,80.6,82.05,37775,83.65
2012-07-12,82.1,82.9,80,81,23310,81.8
2012-07-11,82.5,83.2,81.05,82,12265,81.85
2012-07-10,82.55,83.7,81,82.4,18870,82.4
2012-07-09,83.9,85,82.2,82.5,20458,83.05
2012-07-06,83.65,84.5,83.15,83.2,26230,83.75
2012-07-05,82.5,85,82.5,83.65,143289,84.3
2012-07-04,81.75,82.8,81.5,82.5,30342,82.55
2012-07-03,80.5,82.9,80.15,82,15488,81.5
2012-07-02,81.2,81.6,80.1,81,22673,81
2012-06-29,80.3,82.75,78,81.2,46385,81.35
2012-06-28,80.7,81.7,78.4,80.85,20622,80.25
2012-06-27,83.1,83.9,80.5,80.5,47255,80.7
2012-06-26,82.55,83.5,82.55,83.4,14156,83.35
2012-06-25,82,84.6,82,82.5,17759,82.6
2012-06-22,83.7,84,82.05,82.6,9033,82.95
2012-06-21,81.1,83.7,81,83.5,10336,83.05
2012-06-20,82.6,82.85,81.5,82.7,10336,82.45
2012-06-19,82.9,84.9,81,82.9,16567,82.55
2012-06-18,84.5,86.45,80.55,82,24954,82.45
2012-06-15,82.25,85.95,82,83.55,40019,84.45
2012-06-14,86.9,88,84.55,85.1,122967,85.2
2012-06-13,85.85,90,85.25,86.65,280592,86.75
2012-06-12,85.8,87.8,84.55,85.3,177967,85.35
2012-06-11,90.25,90.25,84.6,85.3,248771,85.8
2012-06-08,90,90.95,88.55,89.25,158896,89.85
2012-06-07,90,93.4,89.5,91.05,393968,91.2
2012-06-06,88.4,90.5,88.4,89.05,179566,89.25
2012-06-05,91.05,92.5,86.1,87.05,243906,87.75
2012-06-04,85.25,91.9,81,91.9,369534,90.55
2012-06-01,87.65,90.6,85.1,86.3,173010,86.3
2012-05-31,87.1,89,86.55,88,108302,88.1
2012-05-30,90.35,91,88.5,89.25,131834,88.95
2012-05-29,91.2,92.65,89.6,91.2,336983,91.35
2012-05-28,88.5,93.35,88.05,90.75,522055,91.2
2012-05-25,90.05,92,87.5,90,403871,89.4
2012-05-24,87.6,92.75,84.45,90.1,825788,90.1
2012-05-23,83,88.5,81.4,86.6,661329,86.6
2012-05-22,85,85.45,81,82.9,522461,82.9
2012-05-21,73.95,86.95,73.2,83.8,1579247,83.9
2012-05-18,72,74.45,71.05,74.4,187235,73.6
2012-05-17,72,74.4,72,73.2,277845,73.8
2012-05-16,70.6,74,69,71.85,365395,71.55
2012-05-15,69.6,77.75,68.3,71.8,1313007,71.75
2012-05-14,68.6,71.1,68,70.3,150856,70.1
2012-05-11,69.9,70.25,68,69.5,135275,69.55
2012-05-10,71.1,72.55,69.3,69.65,153095,69.85
2012-05-09,72,73,70,70.15,210142,71.1
2012-05-08,74.05,75,72,72.15,174381,72.25
2012-05-07,72,75,69.5,74.9,300049,73.65
2012-05-04,71.55,74,70,73,284237,72.95
2012-05-03,73.15,73.9,71.2,72.65,179678,72.15
2012-05-02,74,75.4,73.25,73.5,158345,73.7
2012-04-30,79.85,79.85,72.55,73.55,351360,73.75
2012-04-28,74.9,75.95,73.6,74.9,29560,75
2012-04-27,75.8,77.4,73,74,285030,74.25
2012-04-26,75.9,77.25,75.45,75.9,243036,75.85
2012-04-25,79.4,80.15,74,75.85,494922,75.55
2012-04-24,81.4,82.35,79,79.15,237257,79.45
2012-04-23,85,85.85,80.35,80.55,236347,80.8
2012-04-20,86.95,88.1,84,85.4,151150,84.9
2012-04-19,88,89,85,86.95,143686,86.75
2012-04-18,88.9,91.5,87.55,88.3,361542,88.5
2012-04-17,85.85,89.45,85.1,89.45,403019,88.75
2012-04-16,84.4,86.35,83.65,85.5,177031,85.55
2012-04-13,85.25,87.35,82.55,83.5,301107,83.7
2012-04-12,84.9,86.7,83.1,84.75,248285,85.25
2012-04-11,83.4,87,83.05,84.6,310117,84.45
2012-04-10,85,86,83.2,84.75,176573,84.95
2012-04-09,87.1,87.1,83.5,83.75,186766,83.9
2012-04-04,88.1,88.4,85.1,87.85,202982,87.6
2012-04-03,90.55,90.9,87.1,88.15,269460,88.5
2012-04-02,86.8,90.35,85.15,89.05,373616,88.9
2012-03-30,81,87.9,79.05,85,618589,85.25
2012-03-29,77.2,82,76.95,81.7,269074,81.25
2012-03-28,79.5,83.4,79.3,80.3,451865,80.35
2012-03-27,87.55,88.8,80.75,81.5,567405,81.55
2012-03-26,90,94,80.15,86.6,1159128,86.2
2012-03-23,93,96,92.05,93.8,376272,93.95
2012-03-22,92.1,98.5,91.9,92,1299000,92.6
2012-03-21,92.5,93.5,90.05,92,431802,92.25
2012-03-20,93.5,95.85,91.7,91.7,626183,92.5
2012-03-19,91.4,94.45,90.35,93.4,696711,93.1
2012-03-16,92.1,96.6,88.65,89.5,1606464,90.25
2012-03-15,84,95.45,80,92.05,3235921,91.85
2012-03-14,85.6,85.8,81.45,84,556710,84.3
2012-03-13,82,85,81.15,83.6,657679,83.55
2012-03-12,77.65,82.8,77.65,82,744293,82
2012-03-09,76.2,77,74.3,76.3,307770,76.25
2012-03-07,71,74,69.5,73.6,328395,73.3
2012-03-06,76.6,80.25,70.25,70.7,574169,71.8
2012-03-05,77,78,75.1,76.9,354724,76.7
2012-03-03,78.8,78.8,77.2,77.75,22543,77.85
2012-03-02,79.4,80.65,77,77.45,333083,77.6
2012-03-01,81.5,81.65,77.05,77.55,561196,77.9
2012-02-29,81.55,85.6,80.55,81.8,768244,81.5
2012-02-28,74.1,81.45,73.65,80.75,1000334,80.45
2012-02-27,79.05,79.25,70.8,72.6,659569,73.05
2012-02-24,82.05,83.9,77.3,77.8,824646,78.6
2012-02-23,87.35,89.25,74.3,85.25,1878621,84.6
2012-02-22,96.5,103,87.05,88.1,1469394,88.8
2012-02-21,93.15,98.35,91.05,97.25,1397001,97.05
2012-02-17,96.3,99.5,89.3,92.5,2689794,92.6
2012-02-16,83,98.25,81,94,2369368,95.1
2012-02-15,82,84.95,81,82.4,999550,82.75
2012-02-14,77,83,76.1,82.85,1194052,81.95
2012-02-13,75,78.25,73,77.5,800799,77.35
2012-02-10,74.55,80.95,74.5,77.5,1559192,77.8
2012-02-09,73.4,76.3,73.35,74.8,760066,75.1
2012-02-08,71.5,74.9,69.75,74.15,1198327,73.35
2012-02-07,70.35,74.95,68,69.85,2300913,70
2012-02-06,63.3,74.2,63,69.5,3528906,69.95
2012-02-03,61,63.7,61,62.5,428717,62.5
2012-02-02,63.25,64.8,57.4,61.95,2617249,62.05
2012-02-01,62.25,63.75,61.1,62.8,401467,62.8
2012-01-31,61.25,62.3,61.05,61.85,173278,62
2012-01-30,61.5,63.8,59.85,60.8,392481,61
2012-01-27,61.95,62.85,60.7,61.6,300716,61.6
2012-01-25,62,63.8,60.7,61.15,485870,61.05
2012-01-24,62.25,63.9,60.5,61.3,505533,61.4
2012-01-23,64.7,66.8,60.2,61.6,826653,61.55
2012-01-20,65.55,66.5,63,64.2,449700,64.15
2012-01-19,64,66,63.2,64.55,523259,64.9
2012-01-18,64,65.65,62.5,63,352182,63.05
2012-01-17,60.85,66.25,60.5,63.6,874648,63.25
2012-01-16,60.5,62.25,58.5,60,255305,60.35
2012-01-13,61.55,62.6,60.5,60.75,233822,61
2012-01-12,59.3,64,59,60.8,472645,60.85
2012-01-11,64,67.1,58.85,59.6,453342,59.9
2012-01-10,54.1,62.45,54.1,60.6,1757104,60.7
2012-01-09,54.3,55.95,53,54,168862,53.9
2012-01-07,54.1,54.3,53,53.8,14942,53.65
2012-01-06,54.05,55.9,53.1,54.3,141130,54.1
2012-01-05,57.35,57.35,52.55,52.55,242353,53.15
2012-01-04,54.65,54.65,53.6,54.65,223272,54.65
2012-01-03,50.4,52.05,50,52.05,64932,52.05
2012-01-02,51.9,51.9,49,49.65,91783,49.6
2011-12-30,46.2,49.45,46,49.45,818758,49.45
2011-12-29,47,48.15,46.3,47.2,87463,47.1
2011-12-28,48,48.4,46.8,48.4,75578,48.15
2011-12-27,47.95,48.95,47.5,47.5,94024,48.05
2011-12-26,48.5,49,47.5,47.95,126785,48.05
2011-12-23,45.05,48.9,45.05,48.25,210247,48.2
2011-12-22,47,48.9,45.2,46.5,242792,46.8
2011-12-21,51,51.45,46.95,46.95,274108,46.95
2011-12-20,51.45,51.5,49,49.55,174713,49.4
2011-12-19,52.35,56,50.7,50.8,262007,51.15
2011-12-16,58.5,58.5,53,53.1,399230,53.35
2011-12-15,56.25,57.05,55.45,55.95,184932,55.9
2011-12-14,60.05,61.75,57,57.2,412836,57.25
2011-12-13,63,63.9,59.55,60.1,342557,60.45
2011-12-12,64.9,67.2,62.85,63.1,429143,63.15
2011-12-09,64.95,65,63.05,63.4,231732,63.55
2011-12-08,69.25,69.5,64.1,65.7,569358,65.8
2011-12-07,71.15,71.5,68.5,68.95,489264,69.25
2011-12-05,69,71.9,66.6,70.45,964298,71.05
2011-12-02,68.7,71.8,65.1,69.95,1586513,69.75
2011-12-01,73.95,74.8,65.9,67.75,1205527,68.15
2011-11-30,75,77,71.5,71.7,1637387,72.2
2011-11-29,72.3,81,71.1,75.1,10524907,76.8
2011-11-28,65.9,74,65.9,72.2,1700363,71.1
2011-11-25,64.8,69.45,63.75,68.85,1886845,68.15
2011-11-24,74.3,77.4,61.6,66.2,4806716,65.4
2011-11-23,52.5,64.5,52.1,64.5,2617082,64.5
2011-11-22,57.95,59.6,52.7,52.95,269028,53.75
2011-11-21,59,63,56.55,56.6,208566,56.95
2011-11-18,62.05,62.05,58,59.5,201749,59.4
2011-11-17,63.55,64.4,60.2,63.5,323991,62.75
2011-11-16,56,64.5,52.1,63.95,1415786,63
2011-11-15,61.9,61.9,56,56.65,249339,56.5
2011-11-14,65.1,65.9,61,61,156413,61.4
2011-11-11,68.15,69,64,64.2,315989,65.1
2011-11-09,71,71.5,68.2,68.55,274496,68.75
2011-11-08,70.7,72.15,69.1,70.6,334457,70.4
2011-11-04,72.75,73,69.55,70.75,522312,70.75
2011-11-03,74.3,79.55,70,71.85,4171581,71.9
2011-11-02,70.7,74,70,73.6,526763,73.45
2011-11-01,71,72.85,70.45,70.75,314252,71.25
2011-10-31,70,74,69.5,71.4,713199,71.95
2011-10-28,74.3,74.3,68.05,70.3,747929,70.85
2011-10-26,67.4,69.75,66.05,69.45,582961,69.25
2011-10-25,69.3,70.8,63.55,66.35,2682067,66.05
2011-10-24,56.5,67.35,55.95,67.35,3495799,67.35
2011-10-21,56.05,58,56,56,117691,56.1
2011-10-20,56.05,56.9,56,56.3,63763,56.25
2011-10-19,56.25,57.5,56.25,57.25,122051,56.95
2011-10-18,57.1,58.5,56,56.35,412322,56.8
2011-10-17,53,59,50.3,58.35,1019626,57.9
2011-10-14,53.55,55,53.45,54.1,159071,54.35
2011-10-13,54,54.45,52.1,53.4,145980,53.35
2011-10-12,52.05,54.05,51.95,54,207595,53.75
2011-10-11,52.2,52.85,51.7,52.1,263241,52.15
2011-10-10,51.25,52.4,50.8,51.85,201613,52
2011-10-07,51.25,52.75,51,51.25,258626,51.25
2011-10-05,48.65,54.8,48.65,50.9,738947,50.7
2011-10-04,49.3,50.9,48.1,48.85,169013,48.8
2011-10-03,50.95,50.95,45.4,49.75,269655,49.6
2011-09-30,51.8,52.3,49.5,49.95,363860,49.75
2011-09-29,52.45,52.6,51.7,51.8,163798,51.95
2011-09-28,53.6,56,52.05,52.8,260521,52.45
2011-09-27,54.2,56.25,52.2,52.95,593018,52.85
2011-09-26,56,56.65,51.5,53.5,469542,52.95
2011-09-23,56,56.7,54.3,55.15,417392,55.75
2011-09-22,59,59.3,56,56.15,515764,56.4
2011-09-21,61,61.5,59.3,59.75,918014,59.95
2011-09-20,59.2,63.9,59,59.7,3137800,59.6
2011-09-19,59.1,60.85,57,58.65,586844,59
2011-09-16,59,60.3,57.25,58.3,510360,58
2011-09-15,57.7,61.8,56.4,59.1,1678499,59.1
2011-09-14,57.65,57.65,55.8,56.1,224593,56.05
2011-09-13,57.55,58.75,56.5,56.95,225440,56.85
2011-09-12,57.8,57.8,55.8,56.5,226794,56.45
2011-09-09,59.1,60.2,57.9,57.9,612038,58.15
2011-09-08,59.9,60.4,58.7,58.9,487764,59
2011-09-07,61,61.35,59,59.35,1270344,59.05
2011-09-06,60,61.7,58.5,59.1,352439,58.95
2011-09-05,59.35,60.85,58.1,60,193691,59.9
2011-09-02,59.15,63.2,56.2,59.05,547017,59.35
2011-08-30,62,63.25,59.8,59.95,464532,60.1
2011-08-29,61,64.4,60.15,61.65,646824,61.35
2011-08-26,61.25,62.8,59.65,60.45,207382,60.1
2011-08-25,64.05,64.65,61,61.2,1125440,61.5
2011-08-24,65.55,70,61.6,63.5,482900,63.4
2011-08-23,67.75,67.75,65.25,65.6,130585,65.6
2011-08-22,65.2,68.3,65,67.15,110786,66.4
2011-08-19,64.05,66.8,64.05,65,157627,65.9
2011-08-18,68.15,69.5,66.05,66.65,136326,66.55
2011-08-17,67.85,69.4,67.1,68.4,96410,68.2
2011-08-16,68.9,69.5,67.1,67.85,154513,67.9
2011-08-12,69.45,70.25,67.75,68.55,90736,68.4
2011-08-11,68.15,70,68,68,345814,68.35
2011-08-10,70.1,71.5,67.5,67.9,434468,68.15
2011-08-09,68.2,71.75,67.6,67.6,1106623,68.25
2011-08-08,69.3,74.75,68.6,70.55,1058109,71.2
2011-08-05,71.95,74,70.6,73.55,273092,72.85
2011-08-04,75.6,76,73.1,75.7,154526,75.1
2011-08-03,73.5,77.4,71.6,74.8,511497,75
2011-08-02,74,75.6,72.85,73.55,197923,74.35
2011-08-01,79.55,80,74.2,74.2,244115,74.65
2011-07-29,80.1,80.1,76.9,78.15,234722,78.45
2011-07-28,81,82.35,78.35,78.95,214904,79.15
2011-07-27,81.6,82.4,80.25,81.5,328904,81.15
2011-07-26,84,84.4,76,81,326559,81.45
2011-07-25,84,84.8,82.5,82.5,283647,83.15
2011-07-22,83.8,85.5,82.5,82.95,341479,83.3
2011-07-21,83.3,85,82.6,82.7,247611,83.05
2011-07-20,82.6,87.25,82.1,83.3,675799,83.4
2011-07-19,82.5,82.95,81.4,82.1,207328,82.2
2011-07-18,82.2,83.9,81.35,82.1,282025,82.1
2011-07-15,83.1,85,80.15,83.05,946431,82.05
2011-07-14,82,85.25,80.9,82.9,665354,82.55
2011-07-13,81.55,85.25,81.2,82,791785,82.35
2011-07-12,78.05,83.7,77.8,80.55,1376364,80.8
2011-07-11,83,84,75.5,79.5,2373627,80.2
2011-07-08,76.95,89.5,74.5,85.45,4473999,85.4
2011-07-07,68,77.7,68,77.15,1079611,76.4
2011-07-06,69.85,71.05,69.8,70.3,323085,70.25
2011-07-05,70.2,70.75,69.2,69.9,380277,69.85
2011-07-04,70.3,71.35,70,70,354177,70.2
2011-07-01,70.9,71.2,68.5,69.05,374049,69.45
2011-06-30,70,71.35,69.15,70.35,370620,70.55
2011-06-29,69.5,70.9,67.4,70,410223,69.95
2011-06-28,70,71.65,69.2,69.7,316626,69.7
2011-06-27,70.9,71.85,67.8,69.9,369814,69.95
2011-06-24,71,73.8,70.1,70.75,642625,70.9
2011-06-23,71.95,73.9,70.7,72.7,333321,72.8
2011-06-22,72.7,75.5,71.3,71.95,368936,72.25
2011-06-21,75.05,76.9,71.35,71.85,216221,72.15
2011-06-20,78.95,79.45,73,74.25,503865,74.5
2011-06-17,78.2,81,77.2,77.4,881786,78.15
2011-06-16,70,79.8,70,79.65,1044938,78.15
2011-06-15,74,75,70,74.7,923771,74.45
2011-06-14,76.5,77.8,71.65,76.4,1109199,74.75
2011-06-13,78.5,79.4,76.1,76.5,336949,76.45
2011-06-10,80.25,81.4,78.2,78.8,376896,78.65
2011-06-09,80,83.65,79.95,79.95,1420770,80.25
2011-06-08,75.65,81.85,75.4,80.4,4079646,80.55
2011-06-07,73.7,76.7,73.45,75.5,433345,75.65
2011-06-06,76,76,72.65,73.75,172239,73.8
2011-06-03,75,76.5,74.2,74.8,364412,74.9
2011-06-02,76.25,78.2,70.6,74.1,666733,74.2
2011-06-01,77.45,80,76.65,78,603530,78
2011-05-31,77.6,79.4,76.1,76.7,470108,76.95
2011-05-30,76,80.7,74.05,76.65,844219,76.9
2011-05-27,76,77,74.55,76.05,582597,75.65
2011-05-26,77.9,80.6,73.9,75.15,1289558,74.95
2011-05-25,69.55,78.6,65.6,75.75,2839132,76.5
2011-05-24,76,77.55,68.3,69,1701011,68.85
2011-05-23,81.75,86.75,74,75.7,1342626,75.5
2011-05-20,80.1,83.9,80.1,81.15,181715,81.45
2011-05-19,83.6,84.5,80,81.75,181243,82.15
2011-05-18,85,85.8,82.1,83,291986,82.95
2011-05-17,86.15,87.6,83.1,83.15,260210,84.45
2011-05-16,86.45,87.85,85,85.75,180581,86.45
2011-05-13,87.6,90.5,86.35,86.8,529938,86.9
2011-05-12,87.5,93.95,85.6,89.1,887718,88.6
2011-05-11,85.7,98.4,85.7,92.75,1147195,93.45
2011-05-10,88,89.8,84.7,85.6,348925,85.15
2011-05-09,87.2,89.5,86.65,87.45,148499,87.8
2011-05-06,87.2,88,85.05,86.5,187631,86.5
2011-05-05,89.7,91.95,85.5,85.8,646725,86.5
2011-05-04,92.5,94,88,89.2,553824,88.95
2011-05-03,97,98.4,89.75,90,572732,90.4
2011-05-02,97.8,98,96,96.05,189280,96.4
2011-04-29,99,99.6,96.4,96.4,310253,96.95
2011-04-28,101.1,102,85,98.9,722457,98.5
2011-04-27,104.45,105.95,102.5,102.65,297608,102.95
2011-04-26,105.3,105.5,103.15,104,296646,103.75
2011-04-25,106.55,107.95,103.05,104.5,454770,104.75
2011-04-21,102.3,108.5,102.3,105.15,1223678,105.8
2011-04-20,107.8,112.25,94.6,104,6414953,102.3
2011-04-19,109.65,110,106.5,106.5,252491,106.9
2011-04-18,109,117,108,108.5,535221,109.75
2011-04-15,111.15,113.55,109.6,110.8,513513,110.15
2011-04-13,114,115.9,110,115,757571,114.6
2011-04-11,110.7,115.45,109,114.45,1151048,114.05
2011-04-08,113.1,114.7,110.15,110.9,547973,110.7
2011-04-07,113.05,122,111.45,111.8,509225,112.65
2011-04-06,117,120.5,110.25,112.95,1635155,113.1
2011-04-05,114.1,122.4,112,116.45,2126861,117.4
2011-04-04,114.35,116.5,110.8,113.8,1825741,113.65
2011-04-01,119,120.5,110.7,116.7,2257231,116.8
2011-03-31,111,130,106.5,118.5,10113427,118.4
2011-03-30,104.3,119.9,102,117.9,8712761,118.65
2011-03-29,83,100.3,80,100.3,10056420,99.9
2011-03-28,98.9,98.9,82.2,82.85,2220214,83.55
2011-03-25,101.95,103,95.5,96,843022,96.75
2011-03-24,100.15,102.9,97,100.75,1060903,100.55
2011-03-23,106,107.9,96.1,96.95,1086888,98.1
2011-03-22,110,110.9,105.5,109.55,271900,108.4
2011-03-21,113.35,113.8,108.05,108.85,234453,109.45
2011-03-18,113.95,114.2,111.5,113.2,133771,112.5
2011-03-17,111.05,113.1,109.6,113.1,188780,112.2
2011-03-16,112.4,115.4,111.1,112.15,407936,112.4
2011-03-15,107,112.8,105.6,111.75,245073,110.85
2011-03-14,117.15,117.4,111.6,113.4,439469,115
2011-03-11,107.2,125,107.2,115.7,2124487,116.65
2011-03-10,109,111.8,105.25,109.7,341437,108.95
2011-03-09,110.45,112.8,107.4,109,325529,109.1
2011-03-08,114,114.5,107.55,109.2,311700,108.85
2011-03-07,115,119,111.55,112,234821,112.9
2011-03-04,121,122.7,116.2,117.35,210654,117.7
2011-03-03,116.05,121.55,114,119.3,477652,119.3
2011-03-01,109,118.6,108.1,117.75,626911,117.2
2011-02-28,110.9,114,106.3,110.3,195274,109.55
2011-02-25,104.7,114.9,102,108.5,437282,108
2011-02-24,118.5,118.5,100,104.15,573914,105.35
2011-02-23,117.6,123.75,115.05,117,384402,116.7
2011-02-22,120.1,125,118.1,119,227950,119.6
2011-02-21,128,131,121.25,124.2,367074,124.5
2011-02-18,127,138,126.3,130,1484183,130
2011-02-17,142,143,136.25,138.2,509912,137.35
2011-02-16,137,144.6,136.2,141.8,516783,141.4
2011-02-15,137.45,142.8,130.6,138,695798,137.75
2011-02-14,145.8,145.8,128,138.1,2212301,140.05
2011-02-11,125,152.3,116.1,146,2775059,142.45
2011-02-10,130,142.15,105.25,126,2480108,126.9
2011-02-09,130,138.9,109.3,138.4,8175452,130.1
2011-02-08,135,143.5,133.55,136.65,1412768,136.6
2011-02-07,140,144,135,139.5,1192634,137.5
2011-02-04,152.1,152.9,137.3,139,1128265,139.75
2011-02-03,154,158.65,152,154,123734,155.45
2011-02-02,155.5,156.3,145.1,154.95,96652,153.5
2011-02-01,153.15,159.5,151.25,152.2,327604,153.25
2011-01-31,146,168.8,144.2,151.2,331294,151.75
2011-01-28,158.8,158.8,148,150.6,123203,150.4
2011-01-27,160.6,163.5,157,158.9,118603,157.55
2011-01-25,164,165.7,159.1,159.9,161411,159.8
2011-01-24,167.4,168.5,161.2,162.45,222789,162.7
2011-01-21,170,170,165,165.75,156019,165.35
2011-01-20,166.05,180.5,165.1,167,810349,167.2
2011-01-19,188,188.8,164.5,170.9,733724,170.35
2011-01-18,186.5,190,182,183.8,36550,183.6
2011-01-17,191,194.45,185,186,38835,185.55
2011-01-14,195,197.4,189,190,57563,192.45
2011-01-13,195.4,198.5,191.1,197,80800,195.45
2011-01-12,192.2,195.9,189,195.4,60661,195.2
2011-01-11,194.3,199.5,187,191,313786,189.5
2011-01-10,199.2,203.35,194.25,195.5,174617,196.5
2011-01-07,202,204.8,197,198,221066,198.65
2011-01-06,201,204.85,199.1,199.5,127214,199.55
2011-01-05,206,206.8,198.6,200.5,189155,200.35
2011-01-04,198,207.05,195.5,204,399365,205.5
2011-01-03,197,200.65,195.55,198,131374,197.15
2010-12-31,199.4,202.55,192,193,236125,194.3
2010-12-30,196,200,193.4,197,78250,197.75
2010-12-29,195.05,197.9,190.5,193,54470,194.25
2010-12-28,196,198.45,192.25,195.3,58840,195.5
2010-12-27,201.5,203.3,194.05,194.15,125379,194.8
2010-12-24,201,203.2,195.25,202.2,295534,200.7
2010-12-23,189.35,198.9,188.55,198.9,483371,198
2010-12-22,190,191.45,186.5,190.4,185914,189.4
2010-12-21,193.8,193.8,183.1,188.8,188001,187.3
2010-12-20,189.45,193.65,183.3,184.6,296004,185.4
2010-12-16,195,196,188.2,190,299506,190.35
2010-12-15,205.8,207.4,193.7,193.7,493493,193.8
2010-12-14,199.5,203.85,194,203.85,935490,203.85
2010-12-13,188.7,205.95,188.7,194.7,508584,194.1
2010-12-10,197.6,212,197.6,197.6,574544,198.6
2010-12-09,219,219.05,208,208,61918,208
2010-12-08,229,232.7,217.25,217.3,595036,218.95
2010-12-07,240.3,246,227.15,231.6,675289,228.65
2010-12-06,249.45,251.85,235,240,735807,239.1
2010-12-03,240.7,240.7,230,240.7,1941562,240.35
2010-12-02,229.2,229.2,229.2,229.2,24582,229.2
2010-12-01,218.25,218.25,218.25,218.25,63728,218.25
2010-11-30,195,207.85,190.35,207.85,1857768,207.85
2010-11-29,188.75,213.45,188.75,197.8,2380901,197.95
2010-11-26,211.8,211.8,209.7,209.7,59108,209.7
2010-11-25,261.25,280.2,233,233,1586724,233
2010-11-24,314.95,324.6,251.2,256.5,1815666,258.85
2010-11-23,335.1,340,292,309.1,672004,313
2010-11-22,362,362.05,331.6,336.5,497133,337.3
2010-11-19,370.05,373.7,356.35,366.9,380354,360.15
2010-11-18,390.05,394.9,365,371.9,513007,373.7
2010-11-16,404.85,405.9,384,397,371301,395.15
2010-11-15,401.1,402.9,396.35,401.7,327499,399.25
2010-11-12,415.5,415.5,396,400,573203,401.05
2010-11-11,423.8,424.7,413,417.2,419896,415.5
2010-11-10,418,424.6,411,413.35,495760,413.75
2010-11-09,427.9,428.55,416.75,418.6,371361,418.25
2010-11-08,424.85,434,414.6,422,636505,418.75
2010-11-05,429.5,429.5,421.7,422.25,78200,423.45
2010-11-04,419.5,430.7,415,421.25,416422,422.6
2010-11-03,419.9,419.95,403,414,470654,414.4
2010-11-02,431.5,433.8,412,417.7,459923,416.05
2010-11-01,430,439,421.05,431.05,581615,431.3
2010-10-29,433.9,434.7,410.05,422.3,627079,419.55
2010-10-28,437.9,439.7,429.4,430.5,372910,431.9
2010-10-27,436,440,429,432.8,304359,431.05
2010-10-26,442.55,448.5,432.4,433.25,479115,435.7
2010-10-25,449.85,452,441.4,446,358111,446
2010-10-22,437,449,436.2,448,391000,445.65
2010-10-21,434.95,442.6,430.55,441.7,360670,439.8
2010-10-20,426.6,448,426.55,432.4,404007,432.4
2010-10-19,430,434.3,426.05,431.9,357171,429.95
2010-10-18,442,442,428.85,433.9,433115,433.55
2010-10-15,432.6,439.85,429.1,439,317662,436.15
2010-10-14,438,440,427,437,181615,435.4
2010-10-13,426,438.7,423.05,437.95,221680,434
2010-10-12,426,436.4,355.55,427,196246,426.45
2010-10-11,433.9,455.1,425.5,435.15,279495,435.1
2010-10-08,419.9,434,416,433,231539,429.95
2010-10-07,414.9,437,410.3,419,657930,419.9
2010-10-06,414.8,419,410,412.25,198624,412.1
2010-10-05,412.3,418.8,409.15,410.35,59237,409.95
2010-10-04,416.8,427.95,408.35,410.9,235212,409.85
2010-10-01,408.8,417.4,406.25,412,388861,410.35
2010-09-30,417.9,421.05,401.25,402,303091,406.65
2010-09-29,424.9,427.9,415,421.6,288976,417.4
2010-09-28,427.5,429.4,418,419,312095,420.8
2010-09-27,428.9,433,424.35,430,374106,429.6
2010-09-24,425,430,416.6,421.25,291340,423.7
2010-09-23,435,435,422,424.05,253971,427.05
2010-09-22,437,444.8,430.9,432.1,261209,432.6
2010-09-21,450,457.9,436.25,439.4,459157,440.5
2010-09-20,459,460,446,453,370434,454.55
2010-09-17,442,455,442,451.1,219325,453.7
2010-09-16,444.7,450,438.7,442,70157,442.1
2010-09-15,434,457.95,434,443,121909,442.3
2010-09-14,444.8,449,436.05,439,109713,438.3
2010-09-13,438.7,444.75,432.1,441.35,100105,442.9
2010-09-09,443,443.9,428,433.8,98404,431
2010-09-08,446.8,452.7,435.25,436.2,73904,438.05
2010-09-07,454,464.7,441.35,445,80689,445.8
2010-09-06,463,469,451,458.2,101361,461.45
2010-09-03,459.95,475,447.25,465,238021,466.2
2010-09-02,447,465,431.25,459,262283,457.05
2010-09-01,438.5,444.8,430.05,441.8,217732,441.35
2010-08-31,438,439.65,426.1,430,51886,428.4
2010-08-30,440,456.9,433,442,163331,438
2010-08-27,430,444,423.1,430,125837,433.75
2010-08-26,431.6,449,424,426.8,124349,426.45
2010-08-25,444.45,444.45,428.5,429.5,393892,432.15
2010-08-24,457,463,436,443,215254,442
2010-08-23,462,469,447.2,455.6,1178559,458
2010-08-20,439,457.8,435.1,456,479751,456.05
2010-08-19,438.9,447.3,433.85,439.95,282594,439.9
2010-08-18,439.45,444.05,432.3,442.5,181862,439.05
2010-08-17,424,438.9,421,438,282237,434.9
2010-08-16,454.55,455,416,422,432689,421
2010-08-13,411.9,460,401.25,451.75,1493870,445.7
2010-08-12,406,416.8,400,405.5,231081,406.7
2010-08-11,411.95,432,405,408,331445,406.5
2010-08-10,399,431,398,411,754064,415.15
2010-08-09,400.8,406.3,391.2,396.5,90266,397.5
2010-08-06,403.05,405.6,395.5,395.5,202351,398.4
2010-08-05,406,415.9,396.25,402,163219,399.45
2010-08-04,403.55,409.95,396.1,402,139360,404.7
2010-08-03,423,423,401.55,402.2,120862,407.55
2010-08-02,432,432,415.65,420,269238,420.6
2010-07-30,422.55,430,411.2,426.15,183816,425.55
2010-07-29,417.7,429.4,410.8,425,204144,423.6
2010-07-28,410,424,405,419.75,779527,415.05
2010-07-27,380.95,410.75,377.2,403.55,1000293,402.6
2010-07-26,370.2,386.8,370.2,385,55083,383.35
2010-07-23,375.5,382,368.15,378.15,58930,379.55
2010-07-22,368.85,375.5,364.1,375,31898,373.45
2010-07-21,363.9,372,358.65,365,72558,366.1
2010-07-20,382,383.25,356.5,359.85,87990,361.35
2010-07-19,376,390,375,378.9,144469,378.8
2010-07-16,379.4,381,377.05,380,56600,379.55
2010-07-15,371.15,380.95,371.15,380.95,31761,378.1
2010-07-14,380,385.8,375.05,375.05,58005,375.95
2010-07-13,375,381.5,372.3,378.35,54443,379.3
2010-07-12,375,381.85,372.25,376.8,39313,375.9
2010-07-09,364.5,380,355,371.05,148526,376.3
2010-07-08,373,376.45,356.95,358.05,61821,361.1
2010-07-07,371,374.5,361.9,368,61627,367.4
2010-07-06,372.5,374.5,370,370,19740,372.4
2010-07-05,378,378.4,368,370,32964,371
2010-07-02,380,381,372.25,378,72337,377.9
2010-07-01,379.8,381,372.1,376,22960,375.2
2010-06-30,380.5,384,372.4,372.4,24920,375.6
2010-06-29,373.5,395,369,385.5,70677,384.85
2010-06-28,379.9,379.9,368,370,43288,369.7
2010-06-25,384,384,370.3,371,27296,372.55
2010-06-24,380,383.85,376,380.2,25383,378.95
2010-06-23,378,387.8,376,377.5,32388,378.45
2010-06-22,374.95,396.95,367,379.05,102862,382.5
2010-06-21,373,385,370.1,373,71072,373.4
2010-06-18,386.5,386.7,374.3,375.35,67101,380
2010-06-17,392.2,392.2,382.1,383,67548,386.85
2010-06-16,394.2,396.9,385.2,385.3,32611,390.1
2010-06-15,387.5,395.05,384,390.15,74973,392.55
2010-06-14,397.9,397.9,381.65,390,61578,392.8
2010-06-11,400,424,391.2,393,158561,397.8
2010-06-10,391.35,397.2,388.25,395,55512,392.65
2010-06-09,399.7,399.7,388,390,22722,392.55
2010-06-08,395,404.7,386,392.55,40544,396.1
2010-06-07,404,404.75,396,400,20578,400
2010-06-04,405,415.25,399.3,402,29341,402.1
2010-06-03,405,409.8,395.2,399,33897,401.5
2010-06-02,406.8,406.8,396,405,23553,401
2010-06-01,409.9,409.9,393.05,399.95,20270,399.1
2010-05-31,404.9,420,404.9,411.9,21465,411.5
2010-05-28,392,419.4,390,417.1,32489,412.55
2010-05-27,391,395,387.25,394,21164,393.9
2010-05-26,388,399.7,385,385.15,36178,389.45
2010-05-25,395,399.7,385.25,385.25,38155,392
2010-05-24,410,410,390.6,399,39042,397.55
2010-05-21,400,405,392.85,398.5,50319,398.5
2010-05-20,405,419,405,411,18699,410.6
2010-05-19,410,415,400,412,20752,409.05
2010-05-18,419,419,410,414,18820,415.15
2010-05-17,400,429.9,392,420,47927,418.7
2010-05-14,418,418.8,400,406,30343,409.75
2010-05-13,422,422,415.25,416.15,109339,417.7
2010-05-12,415,432.9,415,418,85656,417.2
2010-05-11,420,435,420,422.5,14555,430.5
2010-05-10,425,425,416.25,420,24211,419.6
2010-05-07,437,437,416.25,422.25,15922,427
2010-05-06,430,439,426.15,430,40367,430.7
2010-05-05,426,437.95,420.3,432,28710,431.65
2010-05-04,434,437.5,434,434.05,11761,434.75
2010-05-03,435,445,431,431.25,25227,433.1
2010-04-30,437.1,438,433,434.05,41832,434.8
2010-04-29,439.95,439.95,432,433.25,29373,435.6
2010-04-28,440,444.5,429,429.1,41130,438.75
2010-04-27,458,460,439.25,442.5,40614,443.3
2010-04-26,452,455,451,451.25,29607,454.05
2010-04-23,459.8,459.8,447,451.75,21251,450.3
2010-04-22,456,456,450,454,15587,450.5
2010-04-21,455.95,456,450.2,454.5,16220,453.3
2010-04-20,452,456.3,445,456.3,9212,453.5
2010-04-19,450.05,452,440.7,448,12260,445.8
2010-04-16,457,458,450,456.5,18719,454
2010-04-15,456,461.9,450,451.5,27902,450.4
2010-04-13,462.5,465,450.25,451,6858,451.7
2010-04-12,457.05,469.95,455,455.8,30027,459.8
2010-04-09,459,464,455.5,460,22120,460.55
2010-04-08,450.05,474.5,450.05,455.1,80842,455.55
2010-04-07,453.9,457,450,453,19090,455.45
2010-04-06,450,454.9,447.8,451.05,15234,451.65
2010-04-05,459.9,459.9,447,448.1,15929,448.3
2010-04-01,455,458,451.5,456.4,6002,455.05
2010-03-31,453.85,457.5,450,452.05,18034,453.85
2010-03-30,464.9,464.9,447,447.2,209576,450.15
2010-03-29,369.5,453.85,369.5,450.9,82973,450.9
2010-03-26,450.8,455,449.5,454,49553,452
2010-03-25,455.5,455.5,449,455,45966,450.2
2010-03-23,452,461,449.2,458,33786,454.2
2010-03-22,449.9,461,443.25,450,98074,452.15
2010-03-19,458.6,467,445.15,452,240950,457.55
2010-03-18,458,459.5,455,455,15746,455.25
2010-03-17,457.4,462.6,455,455,53174,455.3
2010-03-16,459.7,463,455,455.15,40975,455.75
2010-03-15,469,473,455,455,78056,455.25
2010-03-12,464,470,459.25,463,273198,465.2
2010-03-11,467.05,468.9,452.25,463.15,178488,460.65
2010-03-10,475.9,475.9,425.5,463.15,575971,466.4
2010-03-09,454,474,454,469.95,1292675,468.6
2010-03-08,450,460.7,437,457.95,588952,457.35
2010-03-05,460,467.9,435.1,439,570153,439.35
2010-03-04,454.65,460,444.05,456.5,460088,457.85
2010-03-03,455,461,442.5,447,532599,447.3
2010-03-02,435,455,411,454.9,1551492,447.2
2010-02-26,446.6,468.7,423.1,427.7,1413376,439.4
2010-02-25,459.9,471.9,443.35,450.35,4774507,450.55
2010-02-24,452.1,467,412.45,455.05,25101889,456.2
