Date,Open,High,Low,Close,Volume,Adj Close
2013-01-23,1052.10,1068.75,1035.85,1041.95,93600,1041.95
2013-01-22,1084.15,1084.15,1055.50,1060.05,71000,1060.05
2013-01-21,1051.45,1074.00,1045.25,1066.85,80400,1066.85
2013-01-18,1058.85,1062.00,1032.00,1051.00,212400,1051.00
2013-01-17,1060.25,1070.00,1050.60,1054.25,127500,1054.25
2013-01-16,1068.75,1079.50,1059.00,1063.75,66100,1063.75
2013-01-15,1065.95,1078.50,1062.05,1068.95,67800,1068.95
2013-01-14,1063.70,1069.95,1055.60,1059.35,82600,1059.35
2013-01-11,1062.05,1079.05,1055.15,1063.30,109300,1063.30
2013-01-10,1086.40,1094.75,1064.85,1069.05,103700,1069.05
2013-01-09,1085.75,1097.00,1080.00,1085.35,120800,1085.35
2013-01-08,1081.25,1098.20,1072.05,1078.20,215300,1078.20
2013-01-07,1096.05,1116.15,1085.85,1094.70,178800,1094.70
2013-01-04,1093.80,1118.75,1081.15,1110.30,277300,1110.30
2013-01-03,1111.95,1112.70,1091.25,1093.70,137900,1093.70
2013-01-02,1107.40,1110.75,1091.00,1105.80,186100,1105.80
2013-01-01,1114.50,1119.30,1095.30,1098.25,67400,1098.25
2012-12-31,1069.55,1116.00,1069.55,1104.40,251300,1104.40
2012-12-28,1092.90,1099.45,1069.15,1078.55,202500,1078.55
2012-12-27,1069.70,1093.90,1045.00,1084.65,1158200,1084.65
2012-12-26,1143.40,1143.40,1055.15,1058.80,149700,1058.80
2012-12-25,1065.65,1065.65,1065.65,1065.65,000,1065.65
2012-12-24,1077.25,1085.05,1061.30,1065.65,171900,1065.65
2012-12-21,1115.65,1119.35,1069.20,1075.50,289600,1075.50
2012-12-20,1114.95,1129.15,1111.00,1119.15,150700,1119.15
2012-12-19,1100.15,1114.00,1086.25,1107.85,192400,1107.85
2012-12-18,1101.80,1104.25,1082.35,1096.90,231900,1096.90
2012-12-17,1138.00,1138.00,1077.10,1096.85,463300,1096.85
2012-12-14,1130.65,1144.00,1122.25,1130.45,133000,1130.45
2012-12-13,1179.95,1180.00,1121.75,1133.30,200500,1133.30
2012-12-12,1163.00,1178.00,1156.50,1174.15,757800,1174.15
2012-12-11,1172.40,1198.00,1156.65,1163.20,137000,1163.20
2012-12-10,1180.15,1188.50,1168.10,1181.85,83300,1181.85
2012-12-07,1162.05,1192.75,1150.00,1181.55,125700,1181.55
2012-12-06,1168.05,1173.90,1145.00,1166.20,256300,1166.20
2012-12-05,1174.05,1177.95,1161.65,1167.05,100600,1167.05
2012-12-04,1174.75,1178.00,1164.10,1171.70,173300,1171.70
2012-12-03,1176.95,1179.00,1162.00,1170.90,216300,1170.90
2012-11-30,1180.25,1234.40,1160.05,1184.90,3530900,1184.90
2012-11-29,1180.20,1198.00,1166.40,1180.70,911500,1180.70
2012-11-28,1177.15,1177.15,1177.15,1177.15,000,1177.15
2012-11-27,1182.00,1189.65,1174.95,1177.15,361200,1177.15
2012-11-26,1172.05,1185.00,1168.00,1177.40,429200,1177.40
2012-11-23,1177.00,1189.40,1168.45,1171.70,226800,1171.70
2012-11-22,1176.45,1185.00,1168.00,1176.00,159300,1176.00
2012-11-21,1161.05,1184.95,1156.20,1174.20,149500,1174.20
2012-11-20,1165.00,1175.00,1152.00,1162.05,111300,1162.05
2012-11-19,1173.40,1177.95,1151.15,1165.75,135500,1165.75
2012-11-16,1197.05,1207.25,1161.45,1171.70,218300,1171.70
2012-11-15,1209.00,1214.35,1183.00,1196.60,566300,1196.60
2012-11-14,1188.50,1188.50,1188.50,1188.50,000,1188.50
2012-11-13,1188.50,1188.50,1188.50,1188.50,000,1188.50
2012-11-12,1160.00,1199.00,1142.70,1188.50,524900,1188.50
2012-11-09,1168.95,1175.00,1152.65,1165.90,307400,1165.90
2012-11-08,1150.05,1169.35,1143.05,1164.40,145000,1164.40
2012-11-07,1147.90,1167.05,1139.00,1160.30,225900,1160.30
2012-11-06,1141.05,1156.45,1128.95,1138.90,475600,1138.90
2012-11-05,1184.00,1193.05,1104.00,1146.80,468500,1146.80
2012-11-02,1207.90,1216.00,1185.20,1193.10,218400,1193.10
2012-11-01,1201.25,1215.00,1170.00,1200.00,280500,1200.00
2012-10-31,1164.95,1201.00,1157.05,1199.15,595700,1199.15
2012-10-30,1163.65,1169.90,1155.20,1160.85,121500,1160.85
2012-10-29,1165.05,1171.00,1148.30,1157.40,198200,1157.40
2012-10-26,1150.95,1150.95,1150.95,1150.95,000,1150.95
2012-10-25,1160.00,1172.00,1144.85,1150.95,353400,1150.95
2012-10-24,1159.55,1159.55,1159.55,1159.55,000,1159.55
2012-10-23,1162.00,1179.00,1155.70,1159.55,178300,1159.55
2012-10-22,1126.65,1167.75,1121.00,0.30,281600,0.30
2012-10-19,1131.30,1143.40,1117.20,1127.40,100300,1127.40
2012-10-18,1128.00,1144.70,1125.00,1136.50,125700,1136.50
2012-10-17,1130.00,1138.65,1121.00,1127.05,129800,1127.05
2012-10-16,1159.90,1159.90,1116.05,1121.00,96600,1121.00
2012-10-15,1198.40,1198.40,1136.30,1139.30,207500,1139.30
2012-10-12,1115.00,1147.00,1115.00,1142.10,230700,1142.10
2012-10-11,1126.00,1133.60,1112.95,1118.25,180500,1118.25
2012-10-10,1139.00,1154.50,1114.50,1124.05,211900,1124.05
2012-10-09,1114.90,1140.15,1098.00,1133.35,176500,1133.35
2012-10-08,1101.00,1122.00,1084.45,1100.35,168400,1100.35
2012-10-05,1135.50,1135.50,1087.45,1095.55,131400,1095.55
2012-10-04,1115.60,1149.25,1115.60,1131.40,389100,1131.40
2012-10-03,1122.30,1143.70,1117.80,1133.00,462800,1133.00
2012-10-02,1122.05,1122.05,1122.05,1122.05,000,1122.05
2012-10-01,1088.85,1124.70,1085.00,1122.05,355100,1122.05
2012-09-28,1071.00,1102.50,1051.05,1082.60,469900,1082.60
2012-09-27,1068.05,1086.00,1062.25,1066.40,349000,1066.40
2012-09-26,1070.00,1078.00,1055.25,1066.50,268200,1066.50
2012-09-25,1045.00,1078.00,1037.10,1063.50,202200,1063.50
2012-09-24,1070.00,1080.90,1025.00,1045.40,568400,1045.40
2012-09-21,1072.00,1087.30,1061.00,1075.40,335600,1075.40
2012-09-20,1100.00,1114.20,1064.50,1071.10,396500,1071.10
2012-09-19,1095.35,1095.35,1095.35,1095.35,000,1095.35
2012-09-18,1085.05,1107.00,1077.00,1095.35,169300,1095.35
2012-09-17,1120.00,1120.00,1060.15,1077.20,518000,1077.20
2012-09-14,1115.00,1130.90,1100.20,1109.40,327500,1109.40
2012-09-13,1140.00,1140.00,1111.00,1117.20,288100,1117.20
2012-09-12,1142.00,1157.35,1128.10,1138.80,273500,1138.80
2012-09-11,1170.85,1170.85,1136.50,1141.80,176500,1141.80
2012-09-10,1169.45,1175.00,1152.55,1158.85,139900,1158.85
2012-09-07,1148.00,1160.00,1136.05,1153.95,216900,1153.95
2012-09-06,1139.05,1143.80,1108.10,1134.90,217200,1134.90
2012-09-05,1092.75,1135.70,1089.25,1120.90,309300,1120.90
2012-09-04,1116.55,1120.00,1070.90,1113.35,560200,1113.35
2012-09-03,1149.30,1149.30,1110.00,1115.55,175100,1115.55
2012-08-31,1122.15,1171.00,1122.15,1139.95,223700,1139.95
2012-08-30,1156.05,1159.80,1142.15,1149.60,196100,1149.60
2012-08-29,1134.95,1159.90,1122.70,1155.50,311600,1155.50
2012-08-28,1199.00,1199.00,1094.95,1130.80,1193400,1130.80
2012-08-27,1186.00,1199.35,1177.10,1187.25,91300,1187.25
2012-08-24,1188.05,1193.50,1170.95,1179.55,110400,1179.55
2012-08-23,1159.95,1201.70,1157.55,1184.10,473900,1184.10
2012-08-22,1177.05,1178.00,1150.25,1153.05,106600,1153.05
2012-08-21,1187.05,1187.05,1168.55,1176.70,141400,1176.70
2012-08-20,1175.30,1175.30,1175.30,1175.30,000,1175.30
2012-08-17,1182.00,1195.50,1169.00,1175.30,328200,1175.30
2012-08-16,1145.85,1176.65,1141.55,1171.10,289100,1171.10
2012-08-15,1141.50,1141.50,1141.50,1141.50,000,1141.50
2012-08-14,1128.35,1158.05,1128.35,1141.50,218000,1141.50
2012-08-13,1128.05,1138.00,1120.00,1133.30,74800,1133.30
2012-08-10,1122.00,1132.35,1116.00,1126.65,127100,1126.65
2012-08-09,1125.05,1125.05,1110.85,1118.40,149600,1118.40
2012-08-08,1101.00,1121.00,1090.10,1115.15,169600,1115.15
2012-08-07,1129.80,1131.25,1099.00,1102.75,124700,1102.75
2012-08-06,1131.60,1140.00,1112.90,1124.25,302800,1124.25
2012-08-03,1100.50,1122.00,1100.05,1115.95,122900,1115.95
2012-08-02,1105.05,1110.00,1100.50,1106.10,38400,1106.10
2012-08-01,1104.00,1111.00,1091.05,1103.35,82900,1103.35
2012-07-31,1090.05,1113.75,1087.00,1096.70,203200,1096.70
2012-07-30,1069.90,1096.15,1061.20,1092.40,93500,1092.40
2012-07-27,1077.95,1107.70,1061.10,1064.60,158900,1064.60
2012-07-26,1097.00,1100.70,1074.80,1082.00,188700,1082.00
2012-07-25,1092.95,1104.45,1083.90,1100.90,186300,1087.90
2012-07-24,1061.40,1097.70,1061.40,1094.05,135700,1081.13
2012-07-23,1085.30,1094.00,1066.20,1069.25,104000,1056.62
2012-07-20,1075.30,1090.00,1071.00,1082.90,133600,1070.11
2012-07-19,1044.05,1079.00,1044.05,1075.50,113000,1062.80
2012-07-18,1066.05,1069.00,1054.10,1059.10,269600,1046.59
2012-07-17,1071.00,1099.40,1055.10,1060.15,99200,1047.63
2012-07-16,1049.80,1068.80,1048.20,1058.50,143900,1046.00
2012-07-13,1030.00,1050.75,1011.70,1046.25,124700,1033.90
2012-07-12,1049.00,1059.50,1040.25,1050.75,135800,1038.34
2012-07-11,1033.75,1061.95,1033.75,1049.40,203800,1037.01
2012-07-10,1012.00,1059.00,1010.00,1043.15,288700,1030.83
2012-07-09,1023.95,1028.40,1011.05,1013.70,115100,1001.73
2012-07-06,1036.00,1038.85,1016.50,1021.00,48900,1008.94
2012-07-05,1032.00,1039.80,1025.00,1035.20,55100,1022.98
2012-07-04,1021.05,1045.65,1021.05,1030.40,175400,1018.23
2012-07-03,1047.85,1049.80,1018.00,1029.05,201100,1016.90
2012-07-02,1030.00,1053.95,1020.55,1044.90,283900,1032.56
2012-06-29,993.35,1033.00,985.85,1025.15,390300,1013.04
2012-06-28,995.00,999.00,978.05,984.75,223400,973.12
2012-06-27,981.00,1000.10,981.00,991.25,298000,979.54
2012-06-26,949.95,986.95,948.20,980.25,235400,968.67
2012-06-25,963.60,963.85,947.00,948.45,103200,937.25
2012-06-22,957.00,960.00,938.05,953.15,81500,941.89
2012-06-21,985.00,998.40,941.10,948.30,257300,937.10
2012-06-20,944.95,968.00,942.05,959.90,356300,948.57
2012-06-19,917.75,949.00,912.25,945.45,168200,934.29
2012-06-18,933.85,933.85,910.00,917.75,121600,906.91
2012-06-15,922.85,926.60,908.55,923.10,230400,912.20
2012-06-14,912.45,928.90,912.45,915.05,142300,904.24
2012-06-13,936.00,937.00,912.35,916.60,107000,905.78
2012-06-12,919.05,937.00,911.15,933.80,182800,922.77
2012-06-11,937.00,943.00,918.10,921.05,132900,910.17
2012-06-08,947.10,952.05,933.15,938.05,118300,926.97
2012-06-07,937.00,954.00,933.00,945.70,350300,934.53
2012-06-06,940.00,946.95,923.75,932.90,173400,921.88
2012-06-05,931.60,946.80,924.10,938.85,189000,927.76
2012-06-04,908.35,929.75,898.95,925.35,100700,914.42
2012-06-01,930.00,938.75,904.10,908.70,121800,897.97
2012-05-31,930.65,950.45,923.55,933.50,520800,922.48
2012-05-30,918.50,935.90,918.50,929.05,147300,918.08
2012-05-29,922.00,947.80,922.00,927.55,178200,916.60
2012-05-28,950.00,950.00,931.35,938.70,197100,927.62
2012-05-25,946.40,950.45,940.85,948.15,151100,936.95
2012-05-24,938.00,950.80,926.30,941.00,191100,929.89
2012-05-23,926.00,949.00,924.00,943.95,342700,932.80
2012-05-22,940.00,940.00,901.70,925.55,197100,914.62
2012-05-21,895.05,932.00,895.05,928.00,171000,917.04
2012-05-18,889.00,918.85,882.10,914.50,234800,903.70
2012-05-17,892.90,914.00,888.65,897.10,293300,886.51
2012-05-16,885.10,892.90,866.20,886.70,202200,876.23
2012-05-15,884.00,910.80,864.40,897.35,671200,886.75
2012-05-14,850.00,887.90,850.00,881.85,620800,871.44
2012-05-11,829.80,831.90,811.20,821.95,51600,812.24
2012-05-10,828.00,832.85,814.30,820.90,119900,811.21
2012-05-09,820.00,832.95,810.00,823.20,114100,813.48
2012-05-08,865.00,869.80,815.45,830.05,308600,820.25
2012-05-07,869.45,869.75,841.00,860.90,175000,850.73
2012-05-04,900.00,900.00,855.00,860.60,155200,850.44
2012-05-03,865.00,872.70,853.00,866.65,101000,856.42
2012-05-02,860.00,878.40,859.95,866.25,292100,856.02
2012-05-01,856.00,856.00,856.00,856.00,000,845.89
2012-04-30,841.90,861.95,830.15,856.20,260300,846.09
2012-04-27,830.00,837.90,825.25,830.75,108600,820.94
2012-04-26,820.50,831.80,819.05,828.25,200000,818.47
2012-04-25,824.10,833.30,817.95,825.10,180400,815.36
2012-04-24,831.05,834.95,822.15,823.95,79000,814.22
2012-04-23,830.00,846.00,823.45,830.30,122600,820.50
2012-04-20,850.70,852.45,820.10,833.25,166400,823.41
2012-04-19,820.00,849.90,811.40,847.60,317500,837.59
2012-04-18,813.60,829.00,813.00,818.05,117200,808.39
2012-04-17,814.80,814.80,800.00,809.60,123800,800.04
2012-04-16,809.00,815.15,802.10,809.80,106300,800.24
2012-04-13,800.00,834.50,799.80,804.15,401700,794.65
2012-04-12,777.95,807.90,777.95,798.20,527900,788.77
2012-04-11,774.00,780.00,768.00,774.80,196400,765.65
2012-04-10,754.60,773.00,754.60,771.20,100000,762.09
2012-04-09,766.30,766.30,754.15,756.90,54700,747.96
2012-04-06,766.30,766.30,766.30,766.30,000,757.25
2012-04-05,766.30,766.30,766.30,766.30,000,757.25
2012-04-04,748.30,770.00,748.30,766.30,75000,757.25
2012-04-03,768.80,772.80,752.75,761.20,171100,752.21
2012-04-02,768.00,774.80,761.80,765.60,75500,756.56
2012-03-30,743.05,772.05,739.65,766.05,446800,757.00
2012-03-29,742.95,751.00,737.15,744.45,248600,735.66
2012-03-28,752.00,764.00,738.05,742.55,148700,733.78
2012-03-27,745.70,755.00,740.50,751.15,171000,742.28
2012-03-26,748.90,749.90,738.00,743.50,65000,734.72
2012-03-23,740.40,747.80,731.00,743.80,162400,735.02
2012-03-22,744.90,748.00,734.05,742.15,167800,733.39
2012-03-21,730.00,747.75,730.00,744.85,152200,736.05
2012-03-20,716.00,739.00,715.05,734.85,80200,726.17
2012-03-19,749.95,749.95,720.05,720.90,46100,712.39
2012-03-16,735.00,735.00,723.00,725.45,137700,716.88
2012-03-15,731.00,740.00,726.50,730.25,91500,721.63
2012-03-14,746.00,749.00,735.15,737.75,110900,729.04
2012-03-13,746.55,755.85,737.80,740.35,184700,731.61
2012-03-12,750.95,751.90,742.50,746.20,51700,737.39
2012-03-09,739.95,747.00,735.05,744.85,93300,736.05
2012-03-08,733.05,733.05,733.05,733.05,000,724.39
2012-03-07,725.75,735.00,720.00,733.05,60200,724.39
2012-03-06,724.00,733.80,720.05,723.25,93100,714.71
2012-03-05,738.70,738.95,724.00,725.30,112000,716.74
2012-03-02,745.00,748.70,735.60,738.85,152400,730.13
2012-03-01,727.15,746.00,727.15,744.05,270800,735.26
2012-02-29,726.00,741.50,722.20,727.80,284800,719.21
2012-02-28,722.15,726.95,717.45,723.40,127200,714.86
2012-02-27,728.00,728.00,710.60,716.35,244500,707.89
2012-02-24,732.00,735.00,718.80,720.70,100100,712.19
2012-02-23,739.50,739.70,719.80,723.80,455600,715.25
2012-02-22,760.00,760.00,730.40,738.70,265900,729.98
2012-02-21,764.25,772.00,751.40,756.90,201800,747.96
2012-02-20,757.15,757.15,757.15,757.15,000,748.21
2012-02-17,747.85,768.50,738.00,757.15,563500,748.21
2012-02-16,737.75,749.00,728.60,739.70,512000,730.97
2012-02-15,731.15,749.00,724.00,729.80,914600,721.18
2012-02-14,746.55,749.80,730.00,733.40,248500,724.74
2012-02-13,754.60,758.00,745.00,747.00,241300,738.18
2012-02-10,776.90,776.95,751.00,754.55,149400,745.64
2012-02-09,782.80,782.80,765.05,767.35,95100,758.29
2012-02-08,774.60,777.00,757.05,769.55,78900,760.46
2012-02-07,792.00,793.00,770.20,774.65,99700,765.50
2012-02-06,788.95,789.00,779.00,784.40,62600,775.14
2012-02-03,781.40,788.00,777.80,781.50,82800,772.27
2012-02-02,797.85,798.90,779.00,782.15,55100,772.91
2012-02-01,791.10,797.45,782.25,792.85,140000,783.49
2012-01-31,785.60,797.75,775.00,785.40,454100,776.13
2012-01-30,817.60,817.60,765.00,785.60,396100,776.32
2012-01-27,813.45,822.35,806.25,817.55,136600,807.90
2012-01-26,804.65,804.65,804.65,804.65,000,795.15
2012-01-25,798.95,813.80,781.10,804.65,308500,795.15
2012-01-24,790.80,798.80,787.00,794.60,141000,785.22
2012-01-23,771.65,793.55,771.65,788.10,69400,778.79
2012-01-20,784.90,787.90,757.10,777.35,263000,768.17
2012-01-19,789.90,789.90,779.05,781.35,33400,772.12
2012-01-18,779.00,794.50,775.85,783.65,176900,774.40
2012-01-17,785.75,787.80,773.65,775.60,95000,766.44
2012-01-16,779.95,784.00,771.65,779.95,67200,770.74
2012-01-13,776.00,787.40,776.00,779.45,102800,770.25
2012-01-12,790.00,793.90,776.05,778.60,142200,769.41
2012-01-11,795.10,799.00,786.10,791.85,69000,782.50
2012-01-10,793.10,797.00,786.00,794.40,177400,785.02
2012-01-09,778.35,795.00,771.25,792.25,141100,782.89
2012-01-06,769.05,778.00,765.10,770.35,156000,761.25
2012-01-05,788.00,789.80,770.50,772.40,175700,763.28
2012-01-04,785.00,790.05,780.35,783.90,145000,774.64
2012-01-03,789.75,789.75,778.05,783.90,78900,774.64
2012-01-02,757.20,786.90,694.00,781.60,82300,772.37
2011-12-30,764.50,783.80,755.20,776.65,223000,767.48
2011-12-29,781.00,789.50,761.25,768.25,424200,759.18
2011-12-28,767.00,784.50,766.95,781.80,289600,772.57
2011-12-27,762.00,771.50,757.05,768.70,258900,759.62
2011-12-26,763.00,763.00,755.20,760.25,74200,751.27
2011-12-23,754.15,761.90,752.00,758.70,70800,749.74
2011-12-22,741.05,756.50,741.05,751.70,46900,742.82
2011-12-21,747.00,755.00,742.45,748.35,112300,739.51
2011-12-20,741.55,752.00,736.50,738.55,132900,729.83
2011-12-19,752.10,762.00,739.25,741.55,125300,732.79
2011-12-16,749.75,769.85,740.15,756.50,307300,747.57
2011-12-15,733.10,745.60,723.00,743.35,117300,734.57
2011-12-14,737.00,738.45,724.50,731.40,64900,722.76
2011-12-13,737.00,739.80,728.30,730.20,41100,721.58
2011-12-12,732.05,739.80,723.00,737.35,110900,728.64
2011-12-09,739.95,739.95,710.95,729.40,104900,720.79
2011-12-08,752.00,754.90,734.10,738.60,97800,729.88
2011-12-07,761.95,772.00,746.00,752.85,215500,743.96
2011-12-06,762.00,762.00,762.00,762.00,000,753.00
2011-12-05,763.00,765.00,755.00,762.00,33000,753.00
2011-12-02,760.05,767.30,751.05,763.50,73500,754.48
2011-12-01,757.95,765.00,750.10,758.90,194400,749.94
2011-11-30,738.50,750.00,729.00,748.20,193800,739.36
2011-11-29,736.25,743.05,722.40,738.40,113500,729.68
2011-11-28,749.80,750.00,733.85,736.25,154000,727.56
2011-11-25,720.60,740.00,713.20,734.80,98800,726.12
2011-11-24,713.30,731.90,693.10,725.00,197800,716.44
2011-11-23,702.05,723.55,695.20,713.40,191400,704.98
2011-11-22,717.00,717.00,709.00,712.15,68800,703.74
2011-11-21,712.40,718.95,706.15,711.00,93000,702.60
2011-11-18,723.85,723.85,705.40,712.25,79700,703.84
2011-11-17,724.70,724.70,707.15,714.20,125100,705.77
2011-11-16,731.25,731.25,710.00,713.55,192600,705.12
2011-11-15,737.90,737.90,722.00,728.30,133000,719.70
2011-11-14,748.80,748.80,725.00,729.15,105200,720.54
2011-11-11,760.00,760.00,735.30,738.70,188000,729.98
2011-11-09,765.05,771.90,758.95,760.85,167600,751.87
2011-11-08,774.70,774.70,761.10,765.00,97300,755.97
2011-11-04,774.00,775.00,767.20,771.55,149600,762.44
2011-11-03,762.60,773.90,761.25,769.95,162100,760.86
2011-11-02,770.50,778.95,761.00,762.85,288800,753.84
2011-11-01,771.50,775.90,757.30,760.60,113200,751.62
2011-10-31,765.00,778.00,760.85,770.95,135900,761.85
2011-10-28,749.90,764.00,735.00,761.15,165900,752.16
2011-10-26,704.60,737.00,704.60,735.10,28800,726.42
2011-10-25,721.05,727.90,715.05,719.10,142000,710.61
2011-10-24,728.25,732.80,718.35,720.30,32300,711.79
2011-10-21,723.40,732.60,720.10,726.30,108700,717.72
2011-10-20,734.30,734.30,723.00,727.00,74000,718.42
2011-10-19,727.70,730.95,722.10,727.20,95500,718.61
2011-10-18,718.00,727.80,715.00,724.30,191600,715.75
2011-10-17,739.00,741.80,726.20,729.05,64200,720.44
2011-10-14,730.50,736.00,728.50,734.95,240900,726.27
2011-10-13,744.70,744.90,731.15,735.05,114300,726.37
2011-10-12,730.05,744.00,730.00,739.55,137000,730.82
2011-10-11,724.00,738.80,721.55,728.20,70700,719.60
2011-10-10,720.50,735.80,720.10,732.95,70500,724.29
2011-10-07,723.00,731.90,722.20,723.80,47700,715.25
2011-10-05,724.80,726.90,715.05,716.80,33900,708.34
2011-10-04,731.85,736.95,715.20,718.35,117800,709.87
2011-10-03,734.00,734.00,718.25,728.15,109000,719.55
2011-09-30,747.65,764.70,726.75,735.50,303800,726.81
2011-09-29,733.00,748.65,717.10,744.90,180500,736.10
2011-09-28,723.05,739.00,720.30,732.55,145500,723.90
2011-09-27,733.30,737.90,713.55,722.75,128400,714.22
2011-09-26,722.00,731.50,701.90,728.95,102500,720.34
2011-09-23,714.80,723.00,707.00,718.65,42100,710.16
2011-09-22,735.10,739.85,710.55,717.35,96900,708.88
2011-09-21,728.00,747.80,726.20,744.70,147100,735.91
2011-09-20,726.25,738.30,726.25,731.90,74700,723.26
2011-09-19,716.00,727.50,711.40,725.40,68600,716.83
2011-09-16,730.00,742.50,717.00,720.00,163400,711.50
2011-09-15,710.00,736.90,710.00,728.95,84200,720.34
2011-09-14,711.05,726.95,705.10,724.25,55900,715.70
2011-09-13,721.00,723.60,707.00,709.45,97000,701.07
2011-09-12,721.05,721.05,703.20,712.65,81000,704.23
2011-09-09,722.00,744.00,716.50,721.05,65900,712.54
2011-09-08,749.90,749.90,727.60,733.85,47700,725.18
2011-09-07,738.95,747.80,728.05,730.80,116300,722.17
2011-09-06,735.85,737.90,721.20,733.10,37000,724.44
2011-09-05,724.40,738.15,717.75,735.80,109300,727.11
2011-09-02,734.65,743.00,718.30,731.05,103300,722.42
2011-08-30,707.60,729.90,705.30,727.05,189500,718.46
2011-08-29,706.95,716.00,699.20,708.85,112800,700.48
2011-08-26,700.00,711.50,690.05,700.05,182400,691.78
2011-08-25,716.05,716.05,693.00,698.85,267900,690.60
2011-08-24,718.05,724.65,706.00,715.30,103000,706.85
2011-08-23,728.90,728.90,702.50,717.25,84900,708.78
2011-08-22,714.95,728.00,711.05,717.55,199300,709.08
2011-08-19,715.15,722.00,707.10,716.90,75800,708.43
2011-08-18,734.00,735.00,698.90,725.10,256800,716.54
2011-08-17,745.90,748.75,726.40,730.35,105600,721.73
2011-08-16,768.00,771.95,733.45,737.35,143100,728.64
2011-08-12,772.00,776.95,760.00,763.05,60400,754.04
2011-08-11,779.60,781.90,762.05,764.55,60100,755.52
2011-08-10,764.05,782.00,764.05,778.55,89300,769.36
2011-08-09,765.00,779.40,756.00,759.85,182200,750.88
2011-08-08,750.10,789.00,750.10,781.65,198300,772.42
2011-08-05,798.00,807.70,772.60,799.95,309100,790.50
2011-08-04,813.00,816.15,800.30,802.25,75100,792.78
2011-08-03,814.00,814.75,797.00,809.65,109800,800.09
2011-08-02,819.35,827.35,813.45,815.60,146200,805.97
2011-08-01,825.00,833.85,815.25,820.40,52400,810.71
2011-07-29,831.05,839.40,820.00,824.45,120400,814.71
2011-07-28,830.00,841.90,827.00,831.15,441400,821.34
2011-07-27,830.00,837.90,824.00,832.40,136100,822.57
2011-07-26,826.50,831.90,810.00,824.80,193200,815.06
2011-07-25,813.10,829.60,813.10,824.55,62600,814.81
2011-07-22,817.00,819.90,811.50,816.10,41600,806.46
2011-07-21,821.15,828.00,799.05,805.35,135400,795.84
2011-07-20,836.90,838.00,819.30,821.25,63100,811.55
2011-07-19,829.00,836.90,829.00,831.50,100700,821.68
2011-07-18,824.00,840.50,821.50,829.85,173800,820.05
2011-07-15,828.00,828.00,818.00,822.15,87100,812.44
2011-07-14,818.95,829.85,814.90,822.15,142900,812.44
2011-07-13,816.00,823.00,812.00,820.45,166600,810.76
2011-07-12,810.25,819.90,804.00,809.45,178200,799.89
2011-07-11,815.00,821.00,802.05,814.55,197300,804.93
2011-07-08,827.00,831.40,807.40,811.20,209600,801.62
2011-07-07,799.75,828.80,790.00,824.20,657600,814.47
2011-07-06,791.70,799.80,783.00,789.50,98600,780.18
2011-07-05,799.80,799.80,786.00,787.95,63000,778.65
2011-07-04,798.50,803.70,792.20,793.75,147200,784.38
2011-07-01,794.85,797.80,788.00,795.15,101400,785.76
2011-06-30,782.00,801.75,779.20,787.50,678500,778.20
2011-06-29,785.00,785.70,776.00,782.90,93200,773.66
2011-06-28,766.80,784.50,760.50,782.15,197000,772.91
2011-06-27,753.00,769.00,753.00,761.20,126900,752.21
2011-06-24,750.00,759.30,741.40,756.65,106900,747.72
2011-06-23,748.05,753.00,739.20,745.15,98600,736.35
2011-06-22,763.95,763.95,742.40,750.25,106100,741.39
2011-06-21,754.90,772.60,750.10,755.40,233600,746.48
2011-06-20,776.00,779.15,712.20,749.60,352000,740.75
2011-06-17,781.20,788.95,773.05,776.10,130000,766.94
2011-06-16,778.65,786.75,770.20,781.85,182100,772.62
2011-06-15,795.90,800.00,780.00,784.55,295700,765.40
2011-06-14,804.95,806.00,788.00,794.45,206300,775.06
2011-06-13,785.00,804.00,784.00,800.75,609400,781.21
2011-06-10,773.00,788.50,770.00,784.45,302600,765.31
2011-06-09,773.30,776.00,763.00,772.50,99600,753.65
2011-06-08,775.40,778.45,765.00,766.80,105100,748.09
2011-06-07,784.95,784.95,769.90,777.35,157800,758.38
2011-06-06,774.90,779.70,765.00,777.35,93000,758.38
2011-06-03,748.20,787.95,748.20,772.75,181900,753.89
2011-06-02,767.00,785.45,763.55,783.45,166300,764.33
2011-06-01,787.40,787.40,760.00,773.90,105000,755.01
2011-05-31,770.00,777.00,763.55,775.85,258700,756.92
2011-05-30,754.00,773.00,752.00,769.30,509400,750.53
2011-05-27,727.45,753.75,725.00,749.95,394500,731.65
2011-05-26,736.00,737.65,722.40,727.40,1322500,709.65
2011-05-25,737.00,740.25,731.00,733.05,327400,715.16
2011-05-24,746.00,748.90,735.20,737.90,285100,719.89
2011-05-23,739.00,752.65,729.95,744.25,1965200,726.09
2011-05-20,712.20,738.90,700.00,727.40,2237800,709.65
2011-05-19,712.50,716.00,701.60,710.05,256400,692.72
2011-05-18,715.20,716.40,706.00,707.80,300400,690.53
2011-05-17,708.25,720.90,703.00,712.45,257000,695.06
2011-05-16,708.95,714.00,703.05,707.90,51200,690.62
2011-05-13,711.95,713.90,704.25,706.35,81500,689.11
2011-05-12,716.00,723.00,703.00,705.85,162100,688.62
2011-05-11,703.00,725.00,696.20,717.80,993200,700.28
2011-05-10,702.80,704.90,693.15,698.20,48600,681.16
2011-05-09,690.30,706.00,690.00,699.05,123300,681.99
2011-05-06,684.75,692.95,675.05,687.55,327700,670.77
2011-05-05,700.95,704.85,672.30,677.30,309200,660.77
2011-05-04,718.00,719.80,696.25,700.30,883300,683.21
2011-05-03,719.00,726.00,708.30,716.40,121600,698.92
2011-05-02,706.80,720.00,706.05,717.35,78000,699.84
2011-04-29,715.00,719.90,704.30,706.80,54000,689.55
2011-04-28,717.75,720.90,708.00,711.20,159100,693.84
2011-04-27,712.05,725.00,708.25,716.20,150100,698.72
2011-04-26,703.15,715.00,701.10,712.00,172600,694.62
2011-04-25,693.30,705.50,690.05,703.60,123900,686.43
2011-04-21,677.00,699.85,617.00,693.30,101300,676.38
2011-04-20,688.85,702.00,686.35,692.10,184300,675.21
2011-04-19,701.00,701.00,681.35,686.15,119300,669.41
2011-04-18,704.05,711.00,694.15,697.40,66300,680.38
2011-04-15,709.00,710.00,700.00,701.65,68000,684.53
2011-04-13,704.80,714.10,700.05,708.85,147000,691.55
2011-04-11,688.95,721.65,686.40,706.60,386700,689.36
2011-04-08,691.25,700.00,686.00,692.20,75400,675.31
2011-04-07,690.00,697.60,685.50,695.60,67700,678.62
2011-04-06,683.40,693.00,678.50,687.05,130700,670.28
2011-04-05,711.00,730.00,670.60,682.40,75800,665.75
2011-04-04,692.05,697.65,682.05,691.70,83500,674.82
2011-04-01,678.00,695.00,626.65,692.95,164700,676.04
2011-03-31,680.00,692.00,671.40,674.95,292200,658.48
2011-03-30,649.00,686.00,647.00,678.75,357100,662.19
2011-03-29,643.75,652.90,640.00,649.60,85600,633.75
2011-03-28,632.95,642.00,632.95,640.10,46700,624.48
2011-03-25,635.00,641.00,630.35,638.75,102600,623.16
2011-03-24,638.00,638.00,625.10,629.70,54100,614.33
2011-03-23,637.00,637.95,623.20,632.90,72800,617.45
2011-03-22,618.60,637.70,618.60,628.75,112200,613.41
2011-03-21,627.00,627.00,616.20,618.60,23500,603.50
2011-03-18,618.05,628.70,618.05,621.15,23700,605.99
2011-03-17,619.90,625.00,615.10,623.50,24600,608.28
2011-03-16,612.50,623.70,609.60,619.90,66000,604.77
2011-03-15,617.00,617.00,607.00,610.70,90800,595.80
2011-03-14,624.00,626.30,615.10,620.85,71900,605.70
2011-03-11,617.05,627.00,613.10,623.70,73600,608.48
2011-03-10,626.00,629.00,618.50,620.70,54600,605.55
2011-03-09,624.80,627.00,612.30,622.95,58600,607.75
2011-03-08,615.00,624.95,612.05,620.95,75400,605.80
2011-03-07,613.75,622.50,603.20,615.60,90500,600.58
2011-03-04,606.00,617.80,604.00,615.70,120800,600.67
2011-03-03,602.05,611.00,597.10,603.70,93500,588.97
2011-03-01,592.15,612.00,581.75,606.55,120900,591.75
2011-02-28,599.80,605.00,585.15,589.50,110600,575.11
2011-02-25,609.70,618.00,591.00,597.40,310700,582.82
2011-02-24,620.00,620.00,601.10,606.35,277900,591.55
2011-02-23,628.85,629.00,616.05,620.05,197900,604.92
2011-02-22,647.10,652.90,625.90,629.05,73700,613.70
2011-02-21,627.15,659.00,615.55,646.75,141700,630.97
2011-02-18,646.00,650.00,620.00,626.30,94600,611.02
2011-02-17,651.00,656.90,636.35,645.60,175200,629.84
2011-02-16,658.00,662.00,649.05,652.85,98400,636.92
2011-02-15,649.90,660.00,635.00,656.30,146500,640.28
2011-02-14,638.00,644.75,633.10,640.40,134700,624.77
2011-02-11,631.65,638.00,616.00,635.20,108100,619.70
2011-02-10,625.00,631.60,608.35,629.95,153800,614.58
2011-02-09,646.05,649.00,601.00,625.25,213800,609.99
2011-02-08,652.95,653.00,636.10,645.10,140800,629.36
2011-02-07,665.00,673.85,646.10,650.85,375800,634.97
2011-02-04,636.90,665.00,632.70,656.95,437600,640.92
2011-02-03,618.00,636.80,615.00,631.70,91300,616.28
2011-02-02,619.00,631.00,610.25,626.15,98900,610.87
2011-02-01,639.95,644.90,620.00,623.35,72000,608.14
2011-01-31,613.00,644.00,609.00,634.85,163300,619.36
2011-01-28,615.00,630.00,592.00,618.80,174900,603.70
2011-01-27,634.00,634.00,614.00,615.95,76000,600.92
2011-01-25,632.70,636.90,627.50,630.70,59100,615.31
2011-01-24,624.00,629.00,622.20,627.10,37600,611.80
2011-01-21,627.95,627.95,621.00,621.85,33100,606.67
2011-01-20,621.95,628.95,616.00,625.25,156000,609.99
2011-01-19,618.50,624.80,613.30,619.15,91700,604.04
2011-01-18,619.95,619.95,612.30,615.70,55600,600.67
2011-01-17,620.05,625.05,613.25,615.95,39700,600.92
2011-01-14,629.05,633.00,622.15,624.15,62200,608.92
2011-01-13,635.00,641.00,626.00,635.45,119500,619.94
2011-01-12,627.95,635.00,620.10,630.85,57100,615.45
2011-01-11,625.30,634.80,618.10,622.05,64300,606.87
2011-01-10,648.00,648.00,615.00,623.40,93000,608.19
2011-01-07,656.00,664.00,633.00,636.00,107200,620.48
2011-01-06,662.20,673.80,653.05,660.05,63600,643.94
2011-01-05,660.00,674.55,656.10,667.75,132800,651.45
2011-01-04,660.00,670.00,645.95,665.30,111400,649.06
2011-01-03,644.95,658.05,644.95,652.55,51000,636.63
2010-12-31,651.00,652.50,642.60,646.85,113200,631.06
2010-12-30,657.00,657.00,641.00,646.70,85700,630.92
2010-12-29,643.05,654.85,642.05,651.50,46300,635.60
2010-12-28,641.05,649.70,638.00,644.30,75700,628.58
2010-12-27,641.00,646.00,638.10,641.50,104300,625.84
2010-12-24,634.00,639.80,629.00,637.50,278600,621.94
2010-12-23,615.10,630.10,614.10,628.50,151100,613.16
2010-12-22,618.00,621.90,612.10,614.65,70300,599.65
2010-12-21,610.00,620.95,609.15,615.40,100600,600.38
2010-12-20,604.65,616.00,601.55,608.55,116400,593.70
2010-12-16,599.00,603.70,597.45,601.85,148400,587.16
2010-12-15,602.15,604.40,595.00,600.00,280500,585.36
2010-12-14,605.50,609.80,597.00,600.95,183800,586.28
2010-12-13,601.25,617.60,597.05,604.75,166100,589.99
2010-12-10,603.20,611.70,589.00,603.15,207000,588.43
2010-12-09,611.20,611.20,591.30,598.95,217500,584.33
2010-12-08,605.00,609.90,601.10,607.20,100000,592.38
2010-12-07,615.20,615.20,602.00,605.55,211400,590.77
2010-12-06,627.25,633.00,607.60,612.85,108900,597.89
2010-12-03,638.60,638.95,616.25,621.40,131400,606.24
2010-12-02,635.40,644.00,632.00,633.85,114200,618.38
2010-12-01,618.00,636.90,614.10,632.65,242900,617.21
2010-11-30,632.00,632.00,613.25,616.95,788900,601.89
2010-11-29,624.00,633.95,611.65,628.65,184800,613.31
2010-11-26,619.00,629.90,594.05,622.15,433200,606.97
2010-11-25,637.00,637.00,606.00,618.85,370100,603.75
2010-11-24,646.00,654.05,626.15,630.00,290200,614.63
2010-11-23,661.60,661.60,638.10,645.35,209300,629.60
2010-11-22,674.00,678.20,656.00,657.85,285100,641.80
2010-11-19,691.00,694.75,665.60,670.70,137700,654.33
2010-11-18,699.00,701.45,683.00,689.55,138400,672.72
2010-11-16,707.15,713.75,697.00,698.95,81000,681.89
2010-11-15,693.00,707.00,693.00,705.75,185200,688.53
2010-11-12,702.80,712.70,692.00,694.80,189200,677.84
2010-11-11,724.95,724.95,703.00,705.85,135900,688.62
2010-11-10,739.00,740.00,693.80,721.70,728500,704.09
2010-11-09,742.00,757.00,736.00,741.10,478000,723.01
2010-11-08,709.00,741.00,703.50,737.35,453400,719.36
2010-11-05,710.00,710.00,700.00,706.00,45800,688.77
2010-11-04,704.80,705.00,698.00,699.70,44900,682.62
2010-11-03,700.20,708.00,695.00,697.45,69700,680.43
2010-11-02,702.00,703.00,692.00,696.25,43700,679.26
2010-11-01,698.00,707.00,695.00,699.35,46500,682.28
2010-10-29,694.00,705.10,682.00,692.30,114100,675.40
2010-10-28,714.70,714.70,685.25,692.45,311700,675.55
2010-10-27,715.05,723.70,710.00,710.90,55000,693.55
2010-10-26,721.00,725.90,715.00,719.70,61700,702.14
2010-10-25,715.90,725.00,707.25,720.80,163500,703.21
2010-10-22,714.00,721.00,708.35,713.25,166500,695.84
2010-10-21,701.50,713.90,701.50,709.60,98300,692.28
2010-10-20,703.90,706.75,696.15,702.10,80100,684.97
2010-10-19,704.00,714.90,697.10,700.90,132000,683.80
2010-10-18,717.90,718.80,699.15,703.35,234700,686.19
2010-10-15,721.40,729.70,712.00,714.80,43800,697.36
2010-10-14,730.00,736.90,722.05,724.40,197500,706.72
2010-10-13,720.00,733.80,718.75,726.80,163400,709.06
2010-10-12,730.95,730.95,714.55,718.95,54700,701.40
2010-10-11,730.00,734.00,722.00,727.55,114100,709.79
2010-10-08,723.50,733.80,716.05,725.70,166600,707.99
2010-10-07,725.00,735.70,717.00,718.80,175500,701.26
2010-10-06,721.50,726.60,718.10,722.20,78200,704.58
2010-10-05,715.50,724.10,715.50,719.70,166400,702.14
2010-10-04,709.90,719.00,707.80,713.95,260800,696.53
2010-10-01,700.00,707.90,695.15,702.65,191000,685.50
2010-09-30,706.00,711.00,685.00,689.85,334800,673.01
2010-09-29,713.15,715.90,703.10,705.00,69000,687.80
2010-09-28,720.00,723.40,711.20,714.10,93500,696.67
2010-09-27,718.50,725.50,712.50,717.65,178100,700.14
2010-09-24,708.80,717.60,706.00,711.90,103500,694.53
2010-09-23,708.00,714.70,703.30,708.85,226300,691.55
2010-09-22,715.95,716.00,703.40,707.90,216500,690.62
2010-09-21,725.00,736.00,706.00,708.10,552300,690.82
2010-09-20,727.00,727.90,716.00,717.95,205700,700.43
2010-09-17,731.00,731.00,710.10,720.95,574700,703.36
2010-09-16,731.55,748.00,719.95,722.05,233500,704.43
2010-09-15,755.00,757.90,746.00,748.95,97200,730.67
2010-09-14,770.00,776.00,746.00,750.00,187000,731.70
2010-09-13,760.25,773.50,760.00,767.80,150200,749.06
2010-09-09,760.10,763.90,755.05,757.05,106900,738.57
2010-09-08,755.20,760.00,744.20,755.35,135100,736.92
2010-09-07,765.00,769.90,757.35,762.20,93400,743.60
2010-09-06,763.75,765.85,758.00,761.65,160100,743.06
2010-09-03,751.00,762.70,742.00,756.70,169500,738.23
2010-09-02,750.00,754.50,742.10,745.05,54100,726.87
2010-09-01,745.00,752.00,743.30,745.00,111500,726.82
2010-08-31,743.00,756.50,738.10,743.95,130700,725.79
2010-08-30,748.20,751.50,738.05,748.40,82900,730.14
2010-08-27,759.90,770.00,731.70,744.75,265900,726.57
2010-08-26,746.00,757.85,746.00,754.25,174600,735.84
2010-08-25,746.05,757.75,744.35,747.00,103300,728.77
2010-08-24,742.50,753.95,742.50,747.95,65800,729.70
2010-08-23,746.15,757.00,744.30,746.10,76700,727.89
2010-08-20,751.80,757.95,743.75,748.65,94500,730.38
2010-08-19,742.50,752.50,736.15,749.15,156100,730.87
2010-08-18,715.50,744.40,715.50,738.90,164000,720.87
2010-08-17,733.20,733.20,710.10,718.85,185700,701.31
2010-08-16,754.00,754.90,725.55,733.20,72900,715.31
2010-08-13,749.00,764.00,739.65,747.60,141000,729.36
2010-08-12,752.90,762.50,742.20,750.65,183000,732.33
2010-08-11,764.50,771.15,750.05,753.30,106500,734.92
2010-08-10,757.50,763.90,754.70,760.75,116000,742.18
2010-08-09,759.80,764.85,754.25,757.30,92600,738.82
2010-08-06,743.60,767.70,743.60,759.80,74700,741.26
2010-08-05,758.85,769.90,752.45,758.65,211700,740.14
2010-08-04,751.20,764.95,751.20,754.85,249500,736.43
2010-08-03,755.15,760.95,753.05,754.45,56900,736.04
2010-08-02,755.15,762.00,750.05,756.75,117600,738.28
2010-07-30,755.00,761.20,742.05,749.75,179400,731.45
2010-07-29,773.00,773.80,748.25,752.90,388300,734.53
2010-07-28,765.05,774.80,765.05,769.25,76500,750.48
2010-07-27,768.00,776.30,768.00,769.80,70600,751.01
2010-07-26,760.00,780.55,760.00,767.95,126800,749.21
2010-07-23,780.10,785.90,767.50,769.90,143200,751.11
2010-07-22,771.00,781.80,768.50,779.40,71500,760.38
2010-07-21,766.50,775.90,766.50,771.35,85600,752.53
2010-07-20,788.25,791.00,758.25,766.50,69100,747.79
2010-07-19,783.00,797.10,783.00,786.55,170700,767.35
2010-07-16,771.15,790.90,771.15,785.35,110600,766.18
2010-07-15,765.15,780.00,762.00,771.40,87000,752.57
2010-07-14,770.00,773.75,763.30,765.15,66500,746.48
2010-07-13,762.00,770.05,755.95,767.95,123500,749.21
2010-07-12,762.00,768.40,755.05,759.20,253600,740.67
2010-07-09,765.00,765.00,756.05,758.25,371000,739.75
2010-07-08,769.00,772.00,758.15,760.85,91200,742.28
2010-07-07,766.20,774.90,763.10,766.70,67500,747.99
2010-07-06,765.00,772.90,765.00,770.40,30900,751.60
2010-07-05,757.60,773.85,757.60,770.05,26000,751.26
2010-07-02,779.70,782.00,767.50,770.05,106400,751.26
2010-07-01,771.70,785.50,763.05,781.25,86300,756.33
2010-06-30,772.00,777.10,763.00,773.45,156800,748.78
2010-06-29,777.40,778.50,764.40,772.70,68100,748.05
2010-06-28,770.00,778.00,764.00,775.80,55500,751.05
2010-06-25,762.00,776.45,760.00,767.75,133600,743.26
2010-06-24,778.00,778.00,755.00,763.25,182800,738.90
2010-06-23,769.85,778.50,761.55,775.25,126200,750.52
2010-06-22,771.85,775.90,765.25,769.85,88300,745.29
2010-06-21,763.00,784.40,763.00,771.85,225700,747.23
2010-06-18,771.10,773.80,761.00,763.45,55700,739.10
2010-06-17,765.00,779.80,762.00,770.05,152100,745.49
2010-06-16,764.10,768.00,755.00,764.80,125600,740.41
2010-06-15,753.00,766.90,750.25,762.05,76700,737.74
2010-06-14,765.00,768.05,748.40,753.65,230500,729.61
2010-06-11,779.70,779.70,758.05,760.25,164900,736.00
2010-06-10,745.25,774.50,745.25,771.30,392400,746.70
2010-06-09,740.10,750.00,736.00,745.25,128700,721.48
2010-06-08,739.60,747.45,728.00,735.55,80600,712.09
2010-06-07,741.10,747.65,735.10,738.45,91300,714.90
2010-06-04,751.00,755.00,742.85,749.10,132700,725.21
2010-06-03,757.80,758.15,741.10,745.70,150200,721.91
2010-06-02,731.30,754.00,731.20,748.75,150600,724.87
2010-06-01,736.00,752.00,725.50,729.85,132000,706.57
2010-05-31,735.00,748.00,735.00,743.40,252600,719.69
2010-05-28,727.95,741.80,721.60,732.65,330500,709.28
2010-05-27,695.55,726.00,695.55,718.65,353400,695.73
2010-05-26,699.50,711.90,693.15,700.30,242800,677.96
2010-05-25,725.00,730.00,687.10,697.20,432100,674.96
2010-05-24,700.00,730.00,700.00,719.45,479600,696.50
2010-05-21,679.00,698.65,675.00,690.50,137100,668.48
2010-05-20,688.00,692.50,677.40,684.60,64000,662.76
2010-05-19,699.80,704.00,681.20,687.45,99900,665.52
2010-05-18,708.00,718.80,697.85,701.05,190700,678.69
2010-05-17,688.00,706.00,685.00,702.85,177400,680.43
2010-05-14,684.90,696.70,684.00,692.55,74900,670.46
2010-05-13,691.55,699.00,684.00,690.70,85500,668.67
2010-05-12,691.10,695.50,680.00,690.45,76600,668.43
2010-05-11,693.10,712.00,671.20,687.25,178300,665.33
2010-05-10,692.00,707.00,692.00,696.35,94200,674.14
2010-05-07,690.00,700.00,675.50,690.85,144200,668.81
2010-05-06,707.00,717.85,697.00,701.30,325700,678.93
2010-05-05,686.00,709.00,680.00,701.25,347100,678.88
2010-05-04,669.80,697.00,664.00,691.85,437600,669.78
2010-05-03,665.00,677.10,662.00,664.95,141300,643.74
2010-04-30,656.00,680.20,656.00,673.55,325200,652.07
2010-04-29,679.00,685.00,667.35,669.45,181700,648.10
2010-04-28,690.00,692.00,671.30,675.90,274100,654.34
2010-04-27,695.05,707.75,689.10,692.10,204200,670.02
2010-04-26,685.00,704.20,634.00,694.15,258700,672.01
2010-04-23,698.10,701.80,684.00,686.45,116200,664.55
2010-04-22,701.70,702.90,692.00,697.40,125000,675.16
2010-04-21,696.00,708.90,696.00,703.65,92200,681.21
2010-04-20,688.00,704.00,684.90,697.65,110200,675.40
2010-04-19,700.00,700.10,685.30,688.25,113500,666.30
2010-04-16,722.00,727.00,700.00,704.20,298300,681.74
2010-04-15,705.00,725.00,700.50,718.50,392900,695.58
2010-04-13,700.00,713.70,696.15,701.00,136300,678.64
2010-04-12,700.00,709.90,694.05,701.15,139900,678.79
2010-04-09,698.00,703.55,691.50,696.50,164700,674.28
2010-04-08,711.00,712.70,692.25,698.65,170900,676.37
2010-04-07,703.00,713.70,697.35,709.00,199000,686.39
2010-04-06,686.00,710.00,682.20,701.15,353100,678.79
2010-04-05,689.90,690.75,682.40,686.50,117200,664.60
2010-04-01,683.80,691.85,681.00,685.10,332700,663.25
2010-03-31,666.40,684.00,666.40,678.30,280500,656.66
2010-03-30,670.00,677.80,660.00,664.85,140400,643.64
2010-03-29,672.90,679.50,665.00,669.45,181700,648.10
2010-03-26,680.00,685.95,666.50,672.90,181100,651.44
2010-03-25,663.10,681.50,660.00,677.90,478900,656.28
2010-03-23,650.00,662.90,650.00,659.75,326600,638.71
2010-03-22,625.00,651.30,618.60,646.85,322600,626.22
2010-03-19,642.00,642.00,629.15,632.70,133900,612.52
2010-03-18,639.00,643.00,635.00,638.10,204200,617.75
2010-03-17,624.00,639.00,620.00,634.40,404700,614.16
2010-03-16,626.00,626.00,615.00,617.00,188300,597.32
2010-03-15,642.00,642.00,615.35,622.30,213300,602.45
2010-03-12,646.90,646.90,632.65,640.60,175800,620.17
2010-03-11,632.20,645.00,630.25,642.05,165600,621.57
2010-03-10,635.20,643.80,551.00,638.80,175600,618.42
2010-03-09,648.80,652.60,638.00,640.10,105200,619.68
2010-03-08,663.70,663.70,645.20,648.00,104800,627.33
2010-03-05,650.00,663.80,643.00,656.60,176300,635.66
2010-03-04,651.30,658.80,646.10,649.95,125300,629.22
2010-03-03,635.00,653.90,633.30,649.90,271800,629.17
2010-03-02,630.00,648.50,629.00,633.65,315900,613.44
2010-02-26,581.00,644.45,581.00,623.00,276600,603.13
2010-02-25,614.90,614.90,599.00,602.80,274500,583.57
2010-02-24,577.15,613.70,577.15,609.50,529400,590.06
2010-02-23,583.10,589.90,576.20,581.45,74500,562.90
2010-02-22,598.00,603.75,580.00,585.95,95500,567.26
2010-02-19,603.90,605.50,588.15,594.25,110600,575.30
2010-02-18,607.00,616.90,601.40,605.05,265700,585.75
2010-02-17,585.00,609.45,585.00,605.60,252400,586.28
2010-02-16,584.00,585.00,573.25,581.95,118900,563.39
2010-02-15,580.00,581.00,573.05,579.20,104900,560.73
2010-02-11,583.00,585.00,570.70,573.00,86700,554.72
2010-02-10,578.00,581.90,573.20,577.50,175200,559.08
2010-02-09,572.00,581.00,565.00,573.20,675900,554.92
2010-02-08,573.75,583.00,562.15,575.70,138800,557.34
2010-02-05,573.00,588.80,555.00,565.20,445200,547.17
2010-02-04,667.30,667.30,667.30,667.30,000,646.02
2010-02-03,667.30,667.30,667.30,667.30,000,646.02
2010-02-02,667.30,667.30,667.30,667.30,000,646.02
2010-02-01,667.30,667.30,667.30,667.30,000,646.02
2010-01-29,667.30,667.30,667.30,667.30,000,646.02
2010-01-28,667.30,667.30,667.30,667.30,000,646.02
2010-01-27,667.30,667.30,667.30,667.30,000,646.02
2010-01-26,667.30,667.30,667.30,667.30,000,646.02
2010-01-25,667.30,667.30,667.30,667.30,000,646.02
2010-01-22,667.30,667.30,667.30,667.30,000,646.02
2010-01-21,667.30,667.30,667.30,667.30,000,646.02
2010-01-20,667.30,667.30,667.30,667.30,000,646.02
2010-01-19,678.00,684.80,666.60,667.30,206700,646.02
2010-01-18,687.50,692.00,673.50,682.90,462700,661.12
2010-01-15,695.00,698.20,686.00,687.95,128100,666.01
2010-01-14,700.00,704.05,689.80,692.75,108800,670.65
2010-01-13,678.65,700.90,671.60,697.05,185600,674.82
2010-01-12,688.65,703.00,681.05,683.40,253200,661.60
2010-01-11,700.00,700.00,687.00,687.05,178100,665.14
2010-01-08,710.10,712.00,687.75,693.25,283700,671.14
2010-01-07,695.00,714.80,694.90,708.00,876200,685.42
2010-01-06,671.00,693.50,660.00,693.05,373000,670.94
2010-01-05,685.00,685.00,668.50,670.10,79400,648.73
2010-01-04,676.00,684.00,668.10,672.10,128500,650.66
2010-01-01,674.10,674.10,674.10,674.10,000,652.60
2009-12-31,679.90,684.80,665.00,674.10,325400,652.60
2009-12-30,670.00,678.40,667.00,676.00,160000,654.44
2009-12-29,667.65,682.35,661.30,669.10,255000,647.76
2009-12-28,664.00,664.00,664.00,664.00,000,642.82
2009-12-25,664.00,664.00,664.00,664.00,000,642.82
2009-12-24,669.00,674.00,660.20,664.00,120200,642.82
2009-12-23,669.00,671.95,663.50,666.55,213600,645.29
2009-12-22,677.80,677.80,662.85,667.10,164200,645.82
2009-12-21,656.20,678.00,656.20,662.10,262300,640.98
2009-12-18,659.00,679.50,655.00,668.00,478000,646.69
2009-12-17,665.00,666.90,652.00,656.20,365900,635.27
2009-12-16,650.00,667.00,644.00,663.00,360400,641.85
2009-12-15,643.20,669.90,636.00,643.00,473600,622.49
2009-12-14,666.80,668.50,651.00,655.00,117100,634.11
2009-12-11,669.35,677.65,658.00,663.00,150200,641.85
2009-12-10,662.50,676.80,653.00,665.55,305100,644.32
2009-12-09,664.90,680.00,661.10,664.20,197600,643.01
2009-12-08,675.00,679.75,664.65,667.00,296500,645.72
2009-12-07,699.80,700.00,666.25,670.45,603000,649.06
2009-12-04,650.00,681.20,638.75,680.00,643800,658.31
2009-12-03,645.00,657.00,636.50,650.00,568700,629.27
2009-12-02,625.00,645.00,623.80,641.50,668700,621.04
2009-12-01,611.05,625.00,609.95,622.90,521200,603.03
2009-11-30,604.60,612.00,588.00,606.15,385900,586.82
2009-11-27,589.00,595.00,567.40,585.05,271000,566.39
2009-11-26,603.00,603.00,583.20,592.95,223300,574.04
2009-11-25,590.00,605.95,590.00,599.50,265800,580.38
2009-11-24,604.00,610.00,588.20,590.00,529100,571.18
2009-11-23,566.25,605.00,566.00,602.35,450000,583.14
2009-11-20,555.00,570.00,554.00,568.05,109100,549.93
2009-11-19,565.00,571.50,556.30,562.90,201300,544.95
2009-11-18,570.00,573.00,562.25,564.00,118700,546.01
2009-11-17,571.20,584.80,567.25,567.50,175400,549.40
2009-11-16,581.40,588.00,573.40,575.95,133400,557.58
2009-11-13,580.20,587.90,571.60,573.00,191000,554.72
2009-11-12,580.00,587.40,570.10,583.00,218800,564.40
2009-11-11,580.00,584.00,566.50,580.00,142000,561.50
2009-11-10,570.05,579.90,568.25,571.05,273300,552.84
2009-11-09,555.00,569.50,552.00,564.00,169600,546.01
2009-11-06,556.65,566.10,549.00,551.20,286700,533.62
2009-11-05,544.00,558.00,535.25,556.00,176100,538.27
2009-11-04,532.50,547.50,520.05,544.20,189700,526.84
2009-11-03,531.00,531.00,518.15,522.00,244200,505.35
2009-11-02,530.00,530.00,530.00,530.00,000,513.09
2009-10-30,550.00,555.50,528.00,530.00,205600,513.09
2009-10-29,535.00,547.80,527.60,541.95,252800,524.66
2009-10-28,545.00,551.10,535.10,540.50,181400,523.26
2009-10-27,567.50,568.95,538.00,545.50,217600,528.10
2009-10-26,570.00,583.90,564.70,567.15,359300,549.06
2009-10-23,574.00,577.05,557.00,565.10,301800,547.08
2009-10-22,567.60,579.80,553.00,562.05,255400,544.12
2009-10-21,608.00,608.00,562.00,565.20,511500,547.17
2009-10-20,608.00,619.00,595.30,598.60,247900,579.51
2009-10-19,607.00,607.00,607.00,607.00,000,587.64
2009-10-16,606.00,616.00,598.60,607.00,251600,587.64
2009-10-15,623.00,630.00,591.10,597.60,403500,578.54
2009-10-14,587.00,623.00,587.00,618.00,914600,598.29
2009-10-13,585.90,585.90,585.90,585.90,000,567.21
2009-10-12,580.00,589.50,577.00,585.90,348600,567.21
2009-10-09,580.00,587.80,572.00,575.50,618800,557.14
2009-10-08,560.00,584.50,560.00,572.30,1258800,554.05
2009-10-07,551.35,561.25,543.00,553.30,456600,535.65
2009-10-06,552.40,552.95,531.00,541.15,205000,523.89
2009-10-05,545.45,563.50,542.00,546.35,394900,528.92
2009-10-02,551.00,551.00,551.00,551.00,000,533.42
2009-10-01,568.00,568.00,548.00,551.00,394400,533.42
2009-09-30,565.00,576.00,558.60,564.80,402400,546.78
2009-09-29,578.15,578.15,559.00,559.45,610800,541.61
2009-09-28,566.00,566.00,566.00,566.00,000,547.95
2009-09-25,521.15,570.80,511.00,566.00,1131800,547.95
2009-09-24,532.90,543.00,525.00,537.65,344900,520.50
2009-09-23,545.00,557.65,531.00,532.00,399400,515.03
2009-09-22,555.00,559.90,540.05,540.80,227400,523.55
2009-09-21,553.00,553.00,553.00,553.00,000,535.36
2009-09-18,547.00,562.25,541.25,553.00,1059200,535.36
2009-09-17,520.00,549.70,517.00,538.30,1599000,521.13
2009-09-16,516.80,522.60,512.20,515.00,335700,498.57
2009-09-15,519.00,520.00,512.00,513.50,136700,497.12
2009-09-14,520.00,523.90,509.10,512.65,252400,496.30
2009-09-11,522.00,529.50,516.00,518.00,372300,501.48
2009-09-10,525.00,531.80,510.30,518.00,462200,501.48
2009-09-09,517.50,529.00,502.30,515.00,381400,498.57
2009-09-08,527.00,533.90,510.15,515.75,528200,499.30
2009-09-07,515.00,529.80,515.00,526.60,160700,509.80
2009-09-04,515.00,518.90,507.05,515.10,91800,498.67
2009-09-03,511.65,519.00,510.35,511.00,121500,494.70
2009-09-02,512.00,520.95,509.80,512.00,123000,495.67
2009-09-01,530.00,535.65,512.00,515.00,184800,498.57
2009-08-31,525.00,539.20,520.05,524.80,256300,508.06
2009-08-28,540.00,545.00,524.00,527.25,618600,510.43
2009-08-27,490.00,537.20,490.00,535.00,1274300,517.94
2009-08-26,484.60,497.40,484.60,490.35,245900,474.71
2009-08-25,486.65,492.00,482.00,484.00,235300,468.56
2009-08-24,483.00,494.60,483.00,484.25,375400,468.80
2009-08-21,477.05,477.05,477.05,477.05,000,461.83
2009-08-20,477.05,477.05,477.05,477.05,000,461.83
2009-08-19,477.05,477.05,477.05,477.05,000,461.83
2009-08-18,477.05,477.05,477.05,477.05,000,461.83
2009-08-17,480.00,488.30,474.35,477.05,357000,461.83
2009-08-14,485.80,489.90,476.05,485.00,175200,469.53
2009-08-13,472.10,484.70,472.10,481.10,251500,465.75
2009-08-12,460.00,475.80,460.00,470.00,368300,455.01
2009-08-11,450.00,467.00,450.00,465.50,266700,450.65
2009-08-10,480.00,486.00,455.00,456.00,409200,441.46
2009-08-07,499.00,499.00,471.35,474.00,537600,458.88
2009-08-06,500.30,503.00,483.20,486.10,421500,470.59
2009-08-05,504.50,508.90,496.00,497.00,341400,481.15
2009-08-04,515.00,515.90,495.05,499.00,450200,483.08
2009-08-03,538.00,538.00,451.10,512.90,630600,496.54
2009-07-31,554.85,561.00,525.00,537.50,314700,520.36
2009-07-30,624.00,624.00,532.00,547.00,381800,529.55
2009-07-29,567.75,577.50,549.50,551.85,223700,267.12
2009-07-28,587.00,587.00,570.00,570.75,140400,276.27
2009-07-27,570.00,592.00,567.50,583.00,347100,282.20
2009-07-24,555.00,571.50,553.25,571.00,209600,276.39
2009-07-23,564.90,564.90,547.47,549.00,527900,265.74
2009-07-22,547.50,552.50,532.50,539.95,128900,261.36
2009-07-21,554.50,559.30,536.15,542.50,146400,262.60
2009-07-20,539.50,552.47,533.55,550.75,160700,266.59
2009-07-17,531.00,547.25,522.65,532.50,145100,257.76
2009-07-16,527.50,537.50,512.50,535.12,153200,259.03
2009-07-15,496.50,535.00,491.12,519.00,230300,251.22
2009-07-14,486.52,497.67,486.52,491.00,98100,237.67
2009-07-13,500.00,504.85,476.05,482.45,109200,233.53
2009-07-10,506.80,514.90,496.50,500.55,109900,242.29
2009-07-09,512.50,515.95,505.50,509.50,144800,246.62
2009-07-08,547.00,547.00,510.15,512.50,82600,248.08
2009-07-07,545.00,546.83,529.08,536.00,116000,259.45
2009-07-06,561.00,564.95,537.50,540.00,175000,261.39
2009-07-03,560.00,567.45,553.50,562.00,80400,272.04
2009-07-02,566.00,592.00,551.30,560.50,92500,271.31
2009-07-01,555.50,571.75,540.00,564.90,182000,273.44
2009-06-30,582.58,589.40,553.05,560.50,119500,271.31
2009-06-29,575.00,595.00,575.00,579.50,187900,280.51
2009-06-26,541.08,585.85,541.08,572.50,414500,277.12
2009-06-25,550.00,572.95,547.50,553.47,304500,267.91
2009-06-24,530.00,549.00,530.00,543.00,73700,262.84
2009-06-23,522.50,537.50,510.00,536.45,112700,259.67
2009-06-22,565.00,572.00,528.00,529.00,106500,256.06
2009-06-19,545.00,559.50,535.50,546.00,151100,264.29
2009-06-18,554.97,554.97,528.00,533.00,160800,258.00
2009-06-17,570.00,574.75,542.00,554.50,122700,268.41
2009-06-16,558.50,572.47,553.00,570.00,122000,275.91
2009-06-15,594.00,607.42,555.00,557.65,168800,269.93
2009-06-12,614.00,620.85,583.25,585.00,150000,280.27
2009-06-11,600.05,617.50,600.05,600.65,161200,287.76
2009-06-10,606.05,627.50,597.25,606.00,305400,290.33
2009-06-09,595.00,617.45,576.05,601.50,344000,288.17
2009-06-08,622.40,649.50,581.00,588.50,685000,281.94
2009-06-05,615.00,634.75,576.12,595.00,515100,285.06
2009-06-04,582.00,615.00,568.00,615.00,790800,294.64
2009-06-03,557.00,586.00,556.00,568.53,404500,272.37
2009-06-02,571.00,576.30,553.00,562.50,87400,269.49
2009-06-01,590.00,592.35,540.50,565.00,185000,270.68
2009-05-29,587.50,589.50,565.65,574.00,196800,275.00
2009-05-28,579.50,602.45,568.15,572.50,517000,274.28
2009-05-27,562.50,582.00,545.12,580.00,190300,277.87
2009-05-26,572.00,575.50,546.00,562.50,139700,269.49
2009-05-25,576.60,587.50,563.00,566.65,181800,271.47
2009-05-22,580.00,594.50,567.60,580.50,252000,278.11
2009-05-21,525.05,587.45,525.05,584.85,524800,280.19
2009-05-20,505.00,558.00,505.00,555.00,460600,265.89
2009-05-19,525.00,535.00,457.77,512.00,481400,245.29
2009-05-18,507.42,530.50,507.42,519.75,2700,249.01
2009-05-15,460.58,473.70,458.12,462.00,377900,221.34
2009-05-14,451.00,465.00,445.62,457.85,210000,219.35
2009-05-13,472.00,478.50,456.10,458.58,141500,219.70
2009-05-12,462.50,474.40,455.12,471.00,198600,225.65
2009-05-11,475.00,478.50,450.50,461.55,220900,221.12
2009-05-08,477.50,489.50,460.05,472.50,622100,226.37
2009-05-07,447.50,479.00,442.50,477.50,659800,228.76
2009-05-06,460.00,465.00,433.10,440.00,362600,210.80
2009-05-05,450.08,467.40,450.00,458.00,362100,219.42
2009-05-04,432.50,451.50,432.50,450.25,900200,215.71
2009-05-01,426.50,426.50,426.50,426.50,000,204.33
2009-04-30,426.50,426.50,426.50,426.50,000,204.33
2009-04-29,430.00,434.40,417.62,426.50,463800,204.33
2009-04-28,438.50,438.50,420.15,422.50,215300,202.41
2009-04-27,450.00,462.70,435.00,435.50,342400,208.64
2009-04-24,456.50,459.25,446.50,449.25,132000,215.23
2009-04-23,449.45,456.98,443.80,454.70,106700,217.84
2009-04-22,450.00,463.50,441.58,449.00,279700,215.11
2009-04-21,440.00,454.50,436.50,450.00,284100,215.59
2009-04-20,470.00,472.20,453.50,458.00,298000,219.42
2009-04-17,471.00,482.50,460.27,466.55,422700,223.52
2009-04-16,480.00,504.50,462.52,464.45,796200,222.51
2009-04-15,454.85,482.50,450.55,474.50,437700,227.33
2009-04-14,455.00,455.00,455.00,455.00,000,217.98
2009-04-13,464.50,468.35,453.50,455.00,204800,217.98
2009-04-10,456.75,456.75,456.75,456.75,000,218.82
2009-04-09,467.55,472.30,452.50,456.75,467200,218.82
2009-04-08,454.00,467.00,444.05,460.00,382600,220.38
2009-04-07,459.50,459.50,459.50,459.50,000,220.14
2009-04-06,475.50,487.50,458.55,459.50,335400,220.14
2009-04-02,476.25,495.50,377.50,479.00,458400,229.48
2009-04-01,478.92,485.50,464.50,470.00,145100,225.17
2009-03-31,467.50,487.50,462.50,469.50,418300,224.93
2009-03-30,478.98,478.98,460.62,470.00,347400,225.17
2009-03-27,464.95,480.98,460.50,479.00,268500,229.48
2009-03-26,446.00,472.50,443.50,460.00,476000,220.38
2009-03-25,454.70,457.40,438.08,443.95,230900,212.69
2009-03-24,471.40,477.25,449.55,450.00,190100,215.59
2009-03-23,462.55,472.25,462.50,467.50,224300,223.97
2009-03-20,459.00,468.00,455.00,458.05,139400,219.45
2009-03-19,457.55,462.55,446.50,462.35,209200,221.51
2009-03-18,452.50,468.50,452.50,456.95,335300,218.92
2009-03-17,442.38,459.25,439.00,448.80,329100,215.01
2009-03-16,445.00,447.95,435.75,438.60,237700,210.13
2009-03-13,440.00,446.83,430.65,435.23,369900,208.51
2009-03-12,425.00,437.50,417.62,434.58,264500,208.20
2009-03-09,404.75,426.25,395.00,422.00,1068500,202.17
2009-03-06,407.50,412.48,382.50,405.00,493300,194.03
2009-03-05,429.00,437.40,407.00,407.60,224300,195.28
2009-03-04,415.00,428.48,411.25,425.45,245800,203.83
2009-03-03,421.50,428.95,412.55,415.98,215100,199.29
2009-03-02,429.95,436.50,417.50,427.00,298000,204.57
2009-02-27,417.50,440.00,417.50,438.52,492400,210.09
2009-02-26,411.50,422.98,403.70,417.52,645000,200.03
2009-02-25,412.50,416.33,405.00,409.60,245500,196.23
2009-02-24,400.62,411.42,396.50,402.00,288100,192.59
2009-02-20,413.88,422.50,403.62,412.50,599200,197.62
2009-02-19,435.00,439.85,410.62,411.50,398200,197.14
2009-02-18,436.50,451.90,425.00,432.50,287900,207.21
2009-02-17,470.00,470.00,438.12,441.90,283100,211.71
2009-02-16,460.02,482.50,455.00,474.50,213800,227.33
2009-02-13,477.50,481.00,466.05,468.50,229900,224.45
2009-02-12,450.00,476.50,450.00,476.00,564900,228.05
2009-02-11,449.95,472.00,440.50,460.50,560200,220.62
2009-02-10,434.50,460.50,434.50,452.60,389000,216.83
2009-02-09,424.00,437.48,410.02,435.00,386900,208.40
2009-02-06,414.95,427.50,407.50,408.10,822000,195.52
2009-02-05,429.50,429.50,397.50,406.00,576600,194.51
2009-02-04,425.00,448.05,416.00,417.00,196900,199.78
2009-02-03,432.50,443.45,425.05,438.50,209900,210.08
2009-02-02,437.50,445.95,428.73,431.50,206700,206.73
2009-01-30,425.00,448.73,425.00,436.50,611400,209.12
2009-01-29,442.50,449.00,423.08,432.45,1299100,207.18
2009-01-28,425.00,460.95,396.50,433.10,3697200,207.49
2009-01-27,465.00,465.00,406.12,427.50,1806200,204.81
2009-01-23,484.05,497.50,455.02,466.00,1018600,223.25
2009-01-22,474.85,500.00,422.50,497.00,2500400,238.11
2009-01-21,477.98,530.00,447.50,458.50,1049200,219.66
2009-01-20,533.33,550.00,530.00,531.30,259100,254.54
2009-01-19,570.00,573.50,541.28,556.50,344000,266.61
2009-01-16,552.80,576.00,552.80,570.12,152800,273.14
2009-01-15,553.00,572.40,553.00,569.00,166900,272.60
2009-01-14,530.50,588.97,530.50,582.50,354600,279.07
2009-01-13,585.62,592.50,551.00,555.92,483900,266.34
2009-01-12,583.97,620.45,579.00,586.00,305900,280.74
2009-01-09,625.00,651.00,599.97,621.00,165400,297.51
2009-01-08,645.00,645.00,645.00,645.00,000,309.01
2009-01-07,659.00,679.97,630.00,645.00,187500,309.01
2009-01-06,660.00,677.50,617.92,665.00,61500,318.59
2009-01-05,669.28,677.70,663.03,665.50,109900,318.83
2009-01-02,672.05,684.00,663.10,669.28,116000,320.64
2009-01-01,668.00,672.50,660.08,665.00,87300,318.59
2008-12-31,665.50,675.00,652.50,665.00,188100,318.59
2008-12-30,656.50,670.00,643.08,662.67,153800,317.48
2008-12-29,646.50,658.50,635.03,657.50,125400,315.00
2008-12-26,642.50,657.50,635.00,646.03,173300,309.50
2008-12-25,641.15,641.15,641.15,641.15,000,307.17
2008-12-24,635.00,654.50,626.50,641.15,127700,307.17
2008-12-23,654.47,654.90,635.55,647.47,66700,310.20
2008-12-22,662.00,662.00,642.00,653.03,64200,312.86
2008-12-19,655.00,672.45,650.53,655.05,95400,313.83
2008-12-18,650.00,666.50,650.00,657.50,93700,315.00
2008-12-17,653.00,673.50,641.03,648.10,163500,310.50
2008-12-16,629.97,662.45,629.97,655.00,229000,313.80
2008-12-15,614.50,642.45,614.50,635.00,351500,304.22
2008-12-12,622.50,622.50,605.03,612.00,60300,293.20
2008-12-11,620.95,632.10,614.50,625.00,165500,299.43
2008-12-10,620.00,622.40,610.50,620.95,132000,297.49
2008-12-08,619.50,624.97,608.62,615.50,136000,294.88
2008-12-05,592.50,615.00,588.55,614.38,221700,294.34
2008-12-04,570.50,597.47,562.50,595.00,104200,285.06
2008-12-03,592.00,594.40,554.00,570.75,99400,273.44
2008-12-02,578.10,587.50,568.03,573.50,79900,274.76
2008-12-01,565.12,624.50,565.12,585.50,113400,280.51
2008-11-28,576.00,621.50,574.50,615.00,221400,294.64
2008-11-26,564.95,597.95,542.75,592.50,158000,283.86
2008-11-25,572.50,587.00,552.53,562.50,90300,269.49
2008-11-24,560.00,587.00,560.00,566.08,61500,271.20
2008-11-21,600.50,600.50,560.00,579.00,487800,277.39
2008-11-20,575.00,582.50,560.00,572.35,170300,274.21
2008-11-19,597.50,613.50,582.62,592.53,294700,283.87
2008-11-18,590.00,606.85,581.00,597.50,66100,286.25
2008-11-17,590.00,613.72,580.00,605.00,109000,289.85
2008-11-14,605.00,619.95,590.15,600.12,125900,287.51
2008-11-12,575.00,602.50,575.00,597.50,184600,286.25
2008-11-11,612.50,627.47,593.50,593.50,107200,284.34
2008-11-10,647.35,647.50,617.50,630.10,104000,301.87
2008-11-07,624.50,647.50,602.50,627.62,85000,300.69
2008-11-06,614.50,630.00,585.00,627.50,252500,300.63
2008-11-05,622.00,635.20,600.55,629.50,618200,301.59
2008-11-04,617.50,639.50,592.50,614.92,308800,294.60
2008-11-03,560.55,624.97,555.00,619.00,294900,296.55
2008-10-31,504.95,570.00,504.95,540.00,358000,258.71
2008-10-29,512.50,524.95,481.50,490.00,203900,234.75
2008-10-28,510.00,512.50,472.50,498.50,40200,238.82
2008-10-27,492.55,507.50,447.02,471.05,260500,225.67
2008-10-24,521.00,537.50,490.00,494.00,195400,236.67
2008-10-23,527.22,570.00,512.50,531.50,127000,254.63
2008-10-22,526.30,558.50,525.05,555.50,63500,266.13
2008-10-21,500.00,569.40,500.00,564.90,184900,270.64
2008-10-20,520.00,524.95,470.00,492.58,226600,235.99
2008-10-17,560.00,572.50,505.58,513.75,102300,246.13
2008-10-16,533.45,569.95,507.50,555.00,140400,265.89
2008-10-15,582.60,595.00,537.50,557.50,148000,267.09
2008-10-14,600.00,616.88,600.00,600.00,154400,287.45
2008-10-13,535.00,590.25,535.00,587.50,122900,281.46
2008-10-10,550.00,555.50,487.50,535.00,338500,256.31
2008-10-08,588.05,588.05,550.00,587.50,255900,281.46
2008-10-07,600.00,624.40,560.00,622.50,337800,298.23
2008-10-06,600.62,613.00,568.17,580.65,245200,278.18
2008-10-03,640.00,652.00,613.00,615.00,203700,294.64
2008-10-01,670.00,677.50,641.33,641.33,139700,307.25
2008-09-30,625.00,685.00,617.60,665.00,410200,318.59
2008-09-29,665.00,675.00,614.00,652.50,339800,312.60
2008-09-26,695.97,696.00,672.00,677.30,119800,324.49
2008-09-25,692.50,710.00,684.25,692.00,292600,331.53
2008-09-24,703.97,711.95,681.78,691.15,4534200,331.12
2008-09-23,708.50,708.50,695.05,702.50,45000,336.56
2008-09-22,725.05,725.50,701.53,706.25,65400,338.36
2008-09-19,698.45,727.50,692.12,720.05,148700,344.97
2008-09-18,654.50,694.00,614.50,683.00,218300,327.22
2008-09-17,679.50,692.05,668.38,677.50,127500,324.58
2008-09-16,676.00,695.50,660.00,680.00,252200,325.78
2008-09-15,715.05,715.05,672.58,701.00,174100,335.84
2008-09-12,737.55,742.72,716.00,717.50,70500,343.74
2008-09-11,747.60,757.00,728.50,731.65,110700,350.52
2008-09-10,749.50,758.50,740.20,751.92,89300,360.24
2008-09-09,755.00,798.40,730.55,745.00,98100,356.92
2008-09-08,784.50,785.00,740.00,752.00,211000,360.27
2008-09-05,751.50,787.50,751.50,760.00,247700,364.11
2008-09-04,774.00,792.50,765.17,768.00,191700,367.94
2008-09-02,774.00,783.00,768.42,776.50,173500,372.01
2008-09-01,762.47,778.75,752.50,772.50,154500,370.09
2008-08-29,745.00,769.92,733.00,769.92,147900,368.86
2008-08-28,734.47,739.25,720.00,730.00,163200,349.73
2008-08-27,729.25,742.00,723.55,730.00,104300,349.73
2008-08-26,725.50,736.50,715.20,729.00,133900,349.25
2008-08-25,750.00,753.50,723.75,735.50,299300,352.37
2008-08-22,786.28,786.28,730.55,730.55,296700,350.00
2008-08-21,767.55,777.38,747.50,751.00,134100,359.79
2008-08-20,769.50,786.00,769.50,775.75,160300,371.65
2008-08-19,758.00,774.97,750.75,767.50,338700,367.70
2008-08-18,757.50,779.00,755.17,762.05,96100,365.09
2008-08-14,792.50,802.50,760.00,763.00,111900,365.54
2008-08-13,764.75,807.00,760.00,804.00,204700,385.19
2008-08-12,762.50,772.50,745.00,766.12,117500,367.04
2008-08-11,772.50,785.00,755.50,757.00,90800,362.67
2008-08-08,723.88,762.40,723.88,760.53,138600,364.36
2008-08-07,705.55,746.25,705.00,723.50,351900,346.62
2008-08-06,742.50,742.50,714.03,716.00,87700,343.03
2008-08-05,725.00,749.90,720.00,725.00,123300,347.34
2008-08-04,709.00,737.50,695.50,734.00,153100,351.65
2008-08-01,704.50,714.95,690.55,701.00,103500,335.84
2008-07-31,714.50,714.50,693.00,704.47,158200,337.50
2008-07-30,700.00,716.00,695.17,698.50,78800,334.64
2008-07-29,694.00,704.00,677.78,690.00,74800,330.57
2008-07-28,705.12,709.00,695.50,701.00,76000,335.84
2008-07-25,682.50,714.50,680.00,700.00,92100,335.36
2008-07-24,721.97,725.00,685.60,690.00,99300,330.57
2008-07-23,698.50,726.70,698.50,709.50,145000,339.91
2008-07-22,680.00,695.38,679.10,681.00,97400,326.26
2008-07-21,660.00,684.35,651.00,681.00,135800,326.26
2008-07-18,670.03,670.03,640.67,654.00,112000,313.32
2008-07-17,669.85,672.50,655.00,658.50,106200,315.48
2008-07-16,635.00,657.00,625.62,655.00,237000,313.80
2008-07-15,657.50,670.50,632.50,634.00,100400,303.74
2008-07-14,666.00,684.00,652.62,668.00,124600,320.03
2008-07-11,660.80,694.00,660.80,668.03,70000,320.04
2008-07-10,684.50,699.97,680.05,683.00,102600,327.22
2008-07-09,681.05,698.75,675.00,686.00,135600,328.65
2008-07-08,695.50,695.50,653.00,669.75,89300,320.87
2008-07-07,682.50,702.45,676.10,681.75,75000,326.62
2008-07-04,675.00,678.50,641.50,677.00,144300,324.34
2008-07-03,670.00,670.00,635.75,661.50,174100,316.92
2008-07-02,659.50,677.50,622.50,671.05,253700,321.49
2008-07-01,676.00,682.00,642.55,649.97,202500,311.39
2008-06-30,671.00,684.05,650.50,667.50,265700,319.79
2008-06-27,676.00,695.47,665.00,670.00,195600,320.99
2008-06-26,724.50,742.50,690.60,696.50,669300,333.68
2008-06-25,674.95,740.50,660.12,725.05,198600,345.45
2008-06-24,704.00,713.50,675.05,676.15,263000,322.15
2008-06-23,702.50,724.50,695.55,697.50,216500,332.32
2008-06-20,760.00,772.50,717.75,730.03,286300,347.82
2008-06-19,769.80,787.45,754.00,757.00,284800,360.67
2008-06-18,810.00,817.35,771.50,774.00,553300,368.77
2008-06-17,762.60,802.47,753.50,799.97,531100,381.14
2008-06-16,765.00,772.50,750.12,755.00,133100,359.72
2008-06-13,760.50,774.50,754.50,754.50,187200,359.48
2008-06-12,744.67,767.35,725.00,750.00,617500,357.33
2008-06-11,769.00,777.50,738.00,745.03,338600,354.96
2008-06-10,715.00,769.00,702.50,765.00,438000,364.48
2008-06-09,689.50,732.00,675.50,727.00,430600,346.37
2008-06-06,775.00,780.00,740.00,740.00,385200,352.57
2008-06-05,720.50,770.00,717.67,770.00,373900,366.86
2008-06-04,778.50,786.85,711.03,720.00,429900,343.04
2008-06-03,750.00,781.40,735.03,777.50,418100,370.44
2008-06-02,743.00,764.50,736.00,740.25,421900,352.69
2008-05-30,712.50,747.55,712.50,739.50,472600,352.33
2008-05-29,705.00,720.50,702.50,713.50,374400,339.94
2008-05-28,707.50,707.50,684.40,697.25,142700,332.20
2008-05-27,715.00,718.45,685.15,700.25,147300,333.63
2008-05-26,711.50,715.00,695.00,714.50,165000,340.42
2008-05-23,728.30,747.50,705.00,710.03,189600,338.29
2008-05-22,720.00,742.00,699.75,735.00,246100,350.19
2008-05-21,700.50,730.00,692.78,727.50,158200,346.61
2008-05-20,725.00,727.45,700.00,702.60,159400,334.75
2008-05-16,737.50,741.75,717.67,721.03,194500,343.53
2008-05-15,724.60,739.50,708.55,735.15,210800,350.26
2008-05-14,682.50,724.62,680.00,714.00,292700,340.18
2008-05-13,704.90,724.00,682.50,682.50,248400,325.17
2008-05-12,685.00,700.00,652.78,699.50,193200,333.27
2008-05-09,716.00,722.00,675.55,685.00,276700,326.36
2008-05-08,710.67,732.50,710.67,718.00,121100,342.09
2008-05-07,720.00,737.20,710.05,730.83,328700,348.20
2008-05-06,750.50,758.90,700.00,713.50,372700,339.94
2008-05-05,762.50,774.50,746.10,750.00,224900,357.33
2008-05-02,764.00,775.00,755.00,760.88,431800,362.51
2008-04-30,715.00,762.00,712.50,749.00,843700,356.86
2008-04-29,705.50,716.00,701.00,709.00,105200,337.80
2008-04-28,704.95,717.00,696.58,705.00,119500,335.89
2008-04-25,695.00,715.00,693.50,700.58,115000,333.78
2008-04-24,727.45,727.50,686.88,694.17,218100,330.74
2008-04-23,699.00,734.75,699.00,718.00,356300,342.09
2008-04-22,700.00,712.00,698.58,701.50,102900,334.23
2008-04-21,720.00,720.00,692.78,701.00,125000,333.99
2008-04-17,700.00,721.95,685.03,687.50,323500,327.56
2008-04-16,725.00,737.50,690.08,694.00,163600,330.65
2008-04-15,702.53,728.50,700.55,721.35,219300,343.68
2008-04-11,713.00,727.50,700.62,715.00,270400,340.66
2008-04-10,655.00,716.85,655.00,703.50,577200,335.18
2008-04-09,630.85,666.00,630.00,657.50,157400,313.26
2008-04-08,640.62,652.47,627.58,636.30,78800,303.16
2008-04-07,630.50,654.95,625.00,640.62,114800,305.22
2008-04-04,629.00,637.50,620.50,635.50,135400,302.78
2008-04-03,625.00,640.00,615.00,627.00,59400,298.73
2008-04-02,631.83,650.00,625.50,632.00,117500,301.11
2008-04-01,647.00,649.00,609.97,618.00,128600,294.44
2008-03-31,672.50,676.90,632.50,632.50,152100,301.35
2008-03-28,659.00,684.95,647.78,680.00,146000,323.98
2008-03-27,632.35,660.00,612.62,653.50,191700,311.36
2008-03-26,630.50,642.00,620.00,627.50,83200,298.97
2008-03-25,600.00,630.50,600.00,630.00,128300,300.16
2008-03-24,607.50,607.50,569.03,591.00,99800,281.58
2008-03-19,605.00,620.00,587.50,595.00,187600,283.48
2008-03-18,582.50,607.50,554.25,585.00,160500,278.72
2008-03-17,597.50,599.00,552.50,560.00,179100,266.81
2008-03-14,625.00,632.50,600.00,620.00,112400,295.40
2008-03-13,550.00,650.00,550.00,615.00,83800,293.01
2008-03-12,680.00,725.00,650.00,655.00,93600,312.07
2008-03-11,631.75,680.00,631.75,670.00,100700,319.22
2008-03-10,639.50,669.00,607.50,667.00,182600,317.79
2008-03-07,635.50,660.25,596.25,638.00,330600,303.97
2008-03-05,662.50,662.50,640.00,645.97,134900,307.77
2008-03-04,680.55,697.50,645.50,657.50,173000,313.26
2008-03-03,687.20,705.50,661.00,677.50,183900,322.79
2008-02-29,692.00,715.00,675.53,677.50,182900,322.79
2008-02-28,707.00,710.00,687.08,707.50,255700,337.08
2008-02-27,722.50,732.00,685.00,690.00,172900,328.75
2008-02-26,720.00,722.35,701.00,704.40,82300,335.61
2008-02-25,710.50,715.00,677.50,712.50,74700,339.47
2008-02-22,690.00,724.50,677.65,699.00,156400,333.03
2008-02-21,678.25,714.47,678.00,710.00,119700,338.28
2008-02-20,675.00,696.90,657.00,673.00,94700,320.65
2008-02-19,724.00,724.00,690.05,697.00,78200,332.08
2008-02-18,715.00,732.62,703.00,707.50,94500,337.08
2008-02-15,686.97,727.40,676.00,715.00,142900,340.66
2008-02-14,675.00,712.50,666.00,712.50,161200,339.47
2008-02-13,669.62,689.00,637.50,656.50,158600,312.79
2008-02-12,672.35,674.45,625.50,665.00,378400,316.84
2008-02-11,682.50,685.00,625.00,639.97,347800,304.91
2008-02-08,701.50,724.00,670.00,672.50,123700,320.41
2008-02-07,725.50,750.00,708.10,712.50,86200,339.47
2008-02-06,702.20,752.50,702.20,737.00,81000,351.14
2008-02-05,757.00,769.00,745.00,762.50,105300,363.29
2008-02-04,745.00,772.40,745.00,760.00,111800,362.10
2008-02-01,715.00,747.50,703.05,737.75,280300,351.50
2008-01-31,672.20,767.00,672.20,682.50,1062800,325.17
2008-01-30,702.20,765.00,702.20,720.00,140500,343.04
2008-01-29,775.00,810.00,745.00,751.50,136300,358.05
2008-01-28,672.20,782.20,672.20,775.05,159500,369.27
2008-01-25,671.00,745.00,671.00,738.00,142500,351.62
2008-01-24,705.05,774.95,662.53,690.00,366200,328.75
2008-01-23,652.20,762.00,652.20,737.50,279900,351.38
2008-01-22,676.50,749.97,585.00,691.00,589100,329.22
2008-01-21,820.00,820.00,662.50,725.00,548100,345.42
2008-01-18,895.00,895.00,775.00,800.00,233500,381.16
2008-01-17,924.50,928.50,881.00,891.75,279000,424.87
2008-01-16,875.55,930.00,870.00,927.50,212600,441.90
2008-01-15,875.05,929.95,875.05,912.00,210900,434.52
2008-01-14,867.50,892.35,865.00,886.50,119200,422.37
2008-01-11,899.45,899.45,850.00,885.00,197600,421.65
2008-01-10,932.40,932.40,860.00,865.00,188200,412.12
2008-01-09,871.92,935.00,871.92,917.50,97200,437.14
2008-01-08,930.00,947.50,916.03,920.12,97900,438.39
2008-01-07,935.00,949.35,926.05,944.00,215200,449.76
2008-01-04,947.50,962.50,937.65,940.12,177300,447.92
2008-01-03,941.00,961.95,926.05,942.50,209600,449.05
2008-01-02,942.50,960.45,930.00,946.00,145200,450.72
2008-01-01,901.00,964.97,901.00,937.78,225500,446.80
2007-12-31,940.50,952.00,932.50,937.00,171900,446.43
2007-12-28,890.00,950.45,890.00,939.85,488800,447.79
2007-12-27,905.05,919.00,881.92,897.35,331400,427.54
2007-12-26,892.50,920.00,890.50,909.50,227300,433.33
2007-12-24,855.00,894.97,855.00,882.50,119100,420.46
2007-12-20,857.50,882.00,842.50,881.95,221600,420.20
2007-12-19,860.00,887.00,837.50,859.00,169200,409.27
2007-12-18,852.20,885.00,824.30,862.50,341900,410.93
2007-12-17,911.00,935.00,857.50,867.92,273800,413.52
2007-12-14,932.00,942.50,916.92,926.00,245600,441.19
2007-12-13,890.00,942.00,884.97,927.33,513500,441.82
2007-12-12,850.50,900.00,850.50,890.28,116800,424.17
2007-12-11,880.00,909.00,875.08,887.45,322900,422.82
2007-12-10,902.50,902.50,865.00,869.50,176000,414.27
2007-12-07,900.00,904.97,857.58,890.00,249500,424.04
2007-12-06,905.00,917.50,875.60,890.00,438500,424.04
2007-12-05,830.00,904.92,822.50,904.92,693600,431.15
2007-12-04,845.00,845.00,820.00,827.50,123600,394.26
2007-12-03,819.50,849.50,816.55,835.00,239900,397.83
2007-11-30,795.00,817.00,795.00,812.50,180400,387.11
2007-11-29,821.00,829.00,775.60,787.00,463300,374.96
2007-11-28,817.00,839.95,797.50,809.42,222800,385.65
2007-11-27,802.50,829.50,795.00,814.50,205300,388.06
2007-11-26,805.05,832.00,805.00,810.00,253200,385.92
2007-11-23,772.50,800.00,765.05,800.00,258800,381.16
2007-11-22,775.50,808.85,732.53,784.95,456200,373.98
2007-11-21,865.00,899.50,775.17,790.00,536800,376.39
2007-11-20,775.00,872.50,775.00,871.50,904400,415.22
2007-11-19,789.00,809.00,784.00,790.00,125900,376.39
2007-11-16,795.00,810.00,780.03,788.00,162400,375.44
2007-11-15,792.58,827.45,792.58,798.47,380700,380.43
2007-11-14,800.00,808.85,792.50,797.90,320800,380.15
2007-11-13,745.05,803.50,745.05,785.00,461500,374.01
2007-11-12,755.00,761.38,720.00,750.17,362100,357.42
2007-11-09,792.00,794.40,762.50,764.35,72800,364.17
2007-11-08,790.00,800.00,775.50,781.50,266800,372.34
2007-11-07,825.05,833.50,787.50,800.00,301600,381.16
2007-11-06,855.00,862.00,800.67,817.00,386400,389.25
2007-11-05,872.50,872.50,832.70,834.00,399200,397.35
2007-11-02,812.50,879.50,805.50,874.88,478500,416.83
2007-11-01,879.50,889.95,820.00,827.50,655200,394.26
2007-10-31,845.00,874.85,842.50,863.00,440700,411.17
2007-10-30,844.50,876.95,825.50,841.50,770300,400.93
2007-10-29,847.35,889.85,847.35,861.00,813300,410.22
2007-10-26,745.00,830.00,735.00,826.00,1331100,393.54
2007-10-25,735.00,750.00,716.12,742.50,854600,353.76
2007-10-24,732.25,760.00,719.00,730.03,428300,347.82
2007-10-23,705.00,732.50,697.00,728.53,344300,347.10
2007-10-22,649.50,694.00,631.00,683.50,210400,325.65
2007-10-19,689.75,689.75,635.05,660.00,470700,314.45
2007-10-18,732.50,767.00,650.00,667.50,422100,318.03
2007-10-17,725.00,742.50,625.67,724.85,673300,345.35
2007-10-16,732.67,771.00,718.00,767.50,770000,365.67
2007-10-15,705.00,730.75,699.45,727.00,300300,346.37
2007-10-12,719.00,737.50,680.12,695.62,483400,331.43
2007-10-11,695.05,737.50,679.00,715.17,501300,340.74
2007-10-10,700.00,709.95,683.58,687.75,316600,327.67
2007-10-09,660.00,700.00,640.17,698.03,564400,332.57
2007-10-08,695.00,702.45,625.00,660.03,740600,314.46
2007-10-05,680.08,714.95,673.00,684.00,998400,325.89
2007-10-04,627.67,693.50,627.67,673.00,604800,320.65
2007-10-03,677.50,704.50,610.03,677.50,961000,322.79
2007-10-01,572.20,680.00,572.20,677.95,1711800,323.01
2007-09-28,609.90,624.00,605.03,610.00,351900,290.63
2007-09-27,616.95,616.95,594.20,596.00,620100,283.96
2007-09-26,609.40,619.40,604.53,605.25,223800,288.37
2007-09-25,605.00,627.72,596.50,613.40,334700,292.25
2007-09-24,616.00,621.95,597.50,605.00,193300,288.25
2007-09-21,623.00,628.00,608.00,610.50,413400,290.87
2007-09-20,615.00,633.50,613.85,620.00,1174700,295.40
2007-09-19,603.50,616.50,592.50,610.67,391500,290.95
2007-09-18,582.00,603.00,577.50,589.97,380100,281.09
2007-09-17,572.00,596.95,572.00,581.50,222100,277.05
2007-09-14,609.95,611.53,587.67,590.90,204100,281.53
2007-09-13,605.00,615.50,602.58,603.53,263300,287.55
2007-09-12,602.50,612.45,599.03,602.50,324700,287.06
2007-09-11,617.70,617.70,596.00,598.55,473800,285.18
2007-09-10,600.00,621.00,600.00,611.00,843400,291.11
2007-09-07,578.00,613.00,578.00,608.50,1681700,289.92
2007-09-06,582.50,589.40,570.00,582.00,359800,277.29
2007-09-05,595.95,595.95,578.12,580.00,222300,276.34
2007-09-04,597.50,599.47,585.50,589.50,290000,280.86
2007-09-03,599.00,602.00,586.50,592.65,322900,282.36
2007-08-31,574.78,596.00,574.78,587.00,1614800,279.67
2007-08-30,586.00,589.45,557.50,575.85,771000,274.36
2007-08-29,553.50,580.50,532.67,579.53,571900,276.11
2007-08-28,572.35,574.50,551.50,565.50,552200,269.43
2007-08-27,535.00,563.00,525.00,558.65,630100,266.17
2007-08-24,511.00,535.00,506.08,534.50,797500,254.66
2007-08-23,527.50,546.25,502.00,505.90,753600,241.03
2007-08-22,510.20,532.50,495.00,515.00,823500,245.37
2007-08-21,550.00,566.00,503.80,519.00,763600,247.27
2007-08-20,574.50,600.00,550.00,557.50,316100,265.62
2007-08-17,585.00,594.00,543.17,561.00,683200,267.29
2007-08-16,600.00,610.00,585.17,594.40,323400,283.20
2007-08-14,625.00,638.50,618.75,620.50,317600,295.63
2007-08-13,630.00,643.85,622.62,631.58,371400,300.91
2007-08-10,620.05,643.95,606.00,629.42,520600,299.89
2007-08-09,655.00,664.00,632.75,637.55,1228000,303.76
2007-08-08,634.50,641.25,621.05,630.97,504800,300.62
2007-08-07,638.00,642.40,618.03,619.70,379900,295.25
2007-08-06,644.20,648.67,627.50,632.95,420000,301.57
2007-08-03,655.00,662.35,645.00,651.17,831900,310.25
