Date, Open, High, Low,Close, Volume, Adj Close
2012-12-31,255.85,255.85,247,253,16709,250.45
2012-12-28,254,254,250,252,2654,252.65
2012-12-27,246,257.5,246,250.25,2717,250.6
2012-12-26,254,258.7,249.15,254,17644,254.05
2012-12-24,256,259,254,255.4,67149,256.15
2012-12-21,257.95,265,254,256,60517,255.8
2012-12-20,251.25,257.5,250,256,13859,255.95
2012-12-19,247.95,263.7,243.4,250,32900,252.55
2012-12-18,244,249,244,246.25,4907,247.4
2012-12-17,248.9,249.85,242.1,249,2653,246.5
2012-12-14,247.7,247.7,242.2,245,2003,244.6
2012-12-13,248,249.65,241.5,241.55,9058,243.65
2012-12-12,246.85,246.85,243,245.9,1851,245.5
2012-12-11,244.25,249.45,241.25,244.4,6044,243.15
2012-12-10,249,259,244,244.8,13576,244.95
2012-12-07,248,248,242.1,243,14299,243.05
2012-12-06,252,253.5,242,244.7,12530,247.55
2012-12-05,251.7,255,247.5,249.5,33793,249.65
2012-12-04,255,256.25,249,249,28191,249.15
2012-12-03,261.75,261.75,256,256.15,10068,256.45
2012-11-30,264,264,257,257.8,4702,258.95
2012-11-29,263.25,272.9,256,260,34438,260
2012-11-27,265.5,268.7,260.65,261.05,5381,262.65
2012-11-26,269.8,271.55,264.85,265,6505,265.8
2012-11-23,268.9,271.9,264.25,269.7,1282,266.95
2012-11-22,271,271,267,269,8901,268.95
2012-11-21,271,274.95,271,271.55,2621,273.1
2012-11-20,271.5,274,268,271.1,1048,270.8
2012-11-19,272.05,274.7,271,274.7,891,273.5
2012-11-16,278.85,278.9,269.9,272.75,1733,270.4
2012-11-15,275.5,278.95,273,274,791,274.55
2012-11-13,284.7,284.7,273.55,275.5,1173,276.9
2012-11-12,280,280,276.3,279,953,278.05
2012-11-09,284.75,284.75,279.1,279.95,1361,279.8
2012-11-08,278,284,277,281.95,7621,281.6
2012-11-07,280,285,279.8,282.9,2199,281.9
2012-11-06,285,285.45,280.4,281,2427,282.75
2012-11-05,284,287.95,283.2,283.2,1158,284.75
2012-11-02,287,290,283.05,289.9,2222,286.55
2012-11-01,280.55,286.55,280.55,285.5,1305,286.45
2012-10-31,290,290,281,287,639,286.55
2012-10-30,286.75,289.5,276.45,285.1,9231,284.65
2012-10-29,290.8,290.85,285,287.5,209,287
2012-10-26,292.3,292.3,285.05,285.05,1211,287
2012-10-25,293,297.95,288,290,1967,292.3
2012-10-23,295,299.45,292.35,299.45,723,296.35
2012-10-22,296.15,298.15,294.6,297.9,1043,297.6
2012-10-19,305,305,298,302.55,3513,300.65
2012-10-18,305.95,305.95,299.05,304.45,1897,304.15
2012-10-17,302,310,299,299,2373,305.3
2012-10-16,306,311,298.05,304.9,6204,302.75
2012-10-15,314.8,316,306.15,306.5,2253,310
2012-10-12,311.55,318,310.05,313,5488,311.65
2012-10-11,312,320,296.7,315,31211,314.2
2012-10-10,302,319.9,302,310.25,131283,311.6
2012-10-09,290.05,301,290,301,5498,297.25
2012-10-08,297.5,300.95,285.3,296.4,1150,295.7
2012-10-05,304,304.8,295,299,5004,297.1
2012-10-04,292.6,307.7,292.6,301.9,12442,300.35
2012-10-03,288,303,288,300,10362,300
2012-10-01,290.95,300.5,288.5,298.95,20021,299.15
2012-09-28,295,295,285.1,288.3,3027,291.15
2012-09-27,288.55,292.15,288.05,290,1796,289.85
2012-09-26,294.8,294.8,285.55,290,3167,288.3
2012-09-25,292,294.9,286.35,292.4,4433,291.05
2012-09-24,291.05,297,287,288.15,4009,291.3
2012-09-21,283.25,296,283.25,290.8,5901,290.9
2012-09-20,293.05,298.8,283,288.95,5361,288.75
2012-09-18,283.05,300,283.05,290.5,216351,294.35
2012-09-17,282,288.85,275.05,288.85,8941,286.8
2012-09-14,269.15,282,269.15,281.95,8908,280.2
2012-09-13,273,283,272,280,3131,279.15
2012-09-12,269,274,263.1,271.55,5141,272.9
2012-09-11,275.5,275.5,269.05,272.15,1668,273.5
2012-09-10,274,278.5,274,274,3978,274.8
2012-09-08,274.4,275,272.05,273.95,960,273.75
2012-09-07,268.6,285,268.6,272.5,34835,274.7
2012-09-06,274,274,261.2,266.95,1754,265.25
2012-09-05,268.65,277.9,263.3,268,3991,269.15
2012-09-04,273.95,278.9,270.2,275,689,272.9
2012-09-03,275,277.45,272.05,273,728,273.7
2012-08-31,277.05,281,275.3,279,3585,277.65
2012-08-30,277.25,281,275.05,281,1012,278.5
2012-08-29,280,286.45,278.05,278.5,1705,280
2012-08-28,281.05,285.95,279,280.2,63356,280.55
2012-08-27,278,281.95,277.25,279.25,2457,279.75
2012-08-24,275.3,281.9,275.25,281.9,1261,280.35
2012-08-23,281.9,285,278,282.7,6298,280.35
2012-08-22,282,290,275.1,280,4092,280.45
2012-08-21,284.9,295,278,288,15956,290.05
2012-08-17,287.75,287.75,277.35,280.1,2043,278.8
2012-08-16,277.55,290,277.55,278.15,2227,280.8
2012-08-14,292.1,297.5,282.35,285.5,2749,284.8
2012-08-13,285.05,299.45,285,287.2,20926,290.85
2012-08-10,284.95,294,284.95,285,792,289.35
2012-08-09,295.95,295.95,285.2,291.5,1522,291.5
2012-08-08,292,297.9,285,288.15,2660,290.7
2012-08-07,299,299,292.05,294.35,2481,295.2
2012-08-06,290.1,298.9,290.05,298,1238,297.65
2012-08-03,298.5,298.5,290.25,298.45,758,297.7
2012-08-02,298.9,298.9,291,293,878,295.15
2012-08-01,294.75,296,285.05,296,2888,292.55
2012-07-31,298,298,285,290,1620,289.1
2012-07-30,291.9,299.95,289.85,296.7,1626,294.35
2012-07-27,303.95,303.95,285.15,290,1278,289.55
2012-07-26,297.3,299,288.25,299,1197,294
2012-07-25,299.7,299.7,289,290.15,3101,291
2012-07-24,303.85,303.85,290.4,296,2956,294.05
2012-07-23,306.5,306.5,292.05,302.95,2248,298.6
2012-07-20,285.2,305,285.2,301.5,6373,301.65
2012-07-19,299.95,302,297,301.5,5465,301.5
2012-07-18,302.9,302.9,292.05,300,14733,300.5
2012-07-17,300.85,301.3,295.25,300.05,6718,300
2012-07-16,303.5,304.85,292.3,300,17170,301
2012-07-13,288,302,275,301,76590,294.6
2012-07-12,286,291.8,286,290,1399,289.75
2012-07-11,293,293,281.25,289.35,16551,289.2
2012-07-10,291,291,280,288,18478,288
2012-07-09,291,292,282,284.95,4935,284.95
2012-07-06,288,297.4,286.85,294,4192,293.65
2012-07-05,296,297.95,288.1,292.8,5756,290.85
2012-07-04,300.05,300.05,293.25,295,10241,298.05
2012-07-03,290,302,288.1,301,11535,299.35
2012-07-02,290,290.05,288.3,289.5,1940,289.5
2012-06-29,283,290,283,286.3,2750,286.7
2012-06-28,281,285,280,282.25,2075,283.35
2012-06-27,285,289.4,283.2,287,1040,285.2
2012-06-26,285,285,281.9,281.9,1562,282.85
2012-06-25,288.65,288.65,281.75,285.1,5036,285.6
2012-06-22,286.1,287,282.2,284.95,2603,284.9
2012-06-21,285,293,283.05,293,1657,289.9
2012-06-20,288.15,291.65,286,289.9,1408,287.8
2012-06-19,294.9,294.9,285.05,291.95,853,291.2
2012-06-18,288,294.95,285.05,290,4654,289.25
2012-06-15,295,295,283.05,288,1014,287.9
2012-06-14,282,292.95,282,287,8323,287.9
2012-06-13,294.8,294.8,286.15,291.9,1184,288.65
2012-06-12,274.4,290,274.4,288.1,5286,289.9
2012-06-11,295,295,280,293.5,6341,288
2012-06-08,287,300,285.1,299,4016,297
2012-06-07,297.95,300.95,294.05,298.85,6453,297.8
2012-06-06,280,299.95,280,297,16415,298.4
2012-06-05,265,282.9,264,282.9,8827,276.1
2012-06-04,277.8,277.8,257.15,260,552,262.6
2012-06-01,262,269,254.8,262.3,4665,259.7
2012-05-31,289.7,289.7,258,265.4,272,265.75
2012-05-30,265.2,271,265.2,268,1401,267.4
2012-05-29,273.3,274.95,270,272.3,2521,274.6
2012-05-28,270.05,279.9,264.4,272.6,1188,274.1
2012-05-25,275,275.8,272.1,275,462,274.55
2012-05-24,260.5,276,260.05,276,1906,271.85
2012-05-23,272.5,276,265.45,273.65,17154,268.2
2012-05-22,278,280,270,276.95,4506,274.25
2012-05-21,282,282,256.2,275,2335,274.7
2012-05-18,274,277.9,265,277.9,7099,275.85
2012-05-17,271.1,279,270.05,274.45,9057,273.05
2012-05-16,286.8,286.9,260.55,274,41173,268.4
2012-05-15,290.3,295.95,282.05,282.25,8981,283.85
2012-05-14,270,298,270,294,12626,290.3
2012-05-11,297.9,297.9,283,285.7,14168,286.55
2012-05-10,302.8,302.8,288,293,4646,291.15
2012-05-09,303.95,309.5,287.1,295.05,6370,296.75
2012-05-08,307.5,320,290.3,302,2532,299.15
2012-05-07,303.9,303.9,276.3,300,5109,300.05
2012-05-04,305.65,310,294,300,15256,299.85
2012-05-03,314.8,314.8,302.6,309.9,6902,305.65
2012-05-02,312,323.9,306,314.9,102614,312.55
2012-04-30,314.35,324.95,313.2,315,8554,315.65
2012-04-28,302.25,331.4,302.25,324.9,471,324.45
2012-04-27,314.4,328.7,314.4,322.05,9020,323.45
2012-04-26,330,333.45,310.35,324.5,50073,321
2012-04-25,324,337,324,330.5,149454,330.65
2012-04-24,332.9,335.5,330.05,335,15003,333.2
2012-04-23,330,335.75,325.05,330,32770,328.8
2012-04-20,332,359.9,331.35,332.25,48111,334.9
2012-04-19,325,336,323.25,329.4,48587,327.85
2012-04-18,305.45,323,293.5,320.2,42743,321.15
2012-04-17,301.4,301.4,288.5,297.95,21493,298.4
2012-04-16,295,298.8,290.05,295.25,1728,296.65
2012-04-13,303.9,310,296.5,298,26357,298.1
2012-04-12,305,308.5,301,302.15,7965,303.9
2012-04-11,291.95,305.4,287.55,305,65454,304
2012-04-10,295.7,298,290.25,293.3,13186,295.2
2012-04-09,283,297,278,297,40807,295.65
2012-04-04,285,295.5,285,292,9774,293.4
2012-04-03,296,297,285.55,291.1,34465,292.4
2012-04-02,295,300,292,292.3,23047,293.2
2012-03-30,281,302,272.75,296.95,163155,294.4
2012-03-29,270,292.95,270,289,202902,287.85
2012-03-28,271.9,275.5,265.1,270.75,33678,270.4
2012-03-27,267,277,263,268,77670,270.25
2012-03-26,274,274,255,265,103221,262.55
2012-03-23,255.5,262.05,254.85,257.5,31548,259.45
2012-03-22,263,267.7,251,256,44044,255.2
2012-03-21,255,260.95,253.05,260,71576,260
2012-03-20,266,266,252.05,252.05,15282,255.25
2012-03-19,257,261.95,251.05,260,46313,259.4
2012-03-16,253.9,262,253.05,256,88860,255.1
2012-03-15,257.9,259.4,249.5,251,67090,250.2
2012-03-14,248.95,266.4,248.95,255.9,1290857,255.95
2012-03-13,276,276,242.5,244,68575,246.8
2012-03-12,240.05,249,240.05,243.3,39475,244.05
2012-03-09,239,247.85,239,240.35,60873,242.85
2012-03-07,230,239,230,236.95,60611,236.65
2012-03-06,226.05,238,226.05,230.05,62344,232.15
2012-03-05,223.9,234,222,226.05,124626,227.65
2012-03-03,222.7,222.7,218.05,220,5322,219.8
2012-03-02,223,223,217.1,218,19441,218.25
2012-03-01,223.2,229.8,218,221,31977,221.75
2012-02-29,232,242,226.45,230.9,15160,228.9
2012-02-28,226.1,236,224.25,231.05,16540,231.05
2012-02-27,233,233,215.75,225,13612,223.75
2012-02-24,255,255,230.05,232,8919,233.4
2012-02-23,233.4,241.75,230.35,238,26869,238.3
2012-02-22,250.1,252.7,235,244,23866,238.4
2012-02-21,255,255,246,246.4,35334,247.7
2012-02-17,245.9,253,241.1,243.9,103448,244
2012-02-16,238.25,244.9,232,237.75,74825,238.25
2012-02-15,229.75,236.75,225.55,230,29061,231
2012-02-14,228.75,229.4,220.2,226.9,8700,226.95
2012-02-13,224.05,230.75,222,225,7426,224.5
2012-02-10,229.85,230.1,222.15,224,7573,225.35
2012-02-09,225.1,232.8,222.05,228.25,25947,229.85
2012-02-08,221.15,235.95,211.55,228.95,20852,227.55
2012-02-07,225.1,226.85,219.1,220,5330,220.55
2012-02-06,232,236.95,222.55,224,13351,224.8
2012-02-03,227.65,233,227.05,230.05,10508,230.4
2012-02-02,238.5,238.5,230,230,14599,230.6
2012-02-01,235.1,250,230.15,231.25,25775,233.1
2012-01-31,244.95,254,231.25,242,80215,235.1
2012-01-30,213.7,250.8,211.15,245,387085,243.95
2012-01-27,201,211,199.2,208,36188,209
2012-01-25,212,212,198,200,13367,199.5
2012-01-24,203.5,211.55,195.55,209,16550,209.3
2012-01-23,204,205,198.05,200,12286,199.9
2012-01-20,196.5,204.45,196.5,202.95,6038,202.1
2012-01-19,199.95,200.6,195.3,196.8,2911,196.7
2012-01-18,202.7,203.1,195.3,196.3,5756,197.3
2012-01-17,192,207,191.1,205,12708,201.85
2012-01-16,190.95,195,186.65,194,5678,193.35
2012-01-13,189.95,189.95,184.7,188.5,6460,188.3
2012-01-12,185.15,192,183.05,186.5,6621,186.3
2012-01-11,185,192,185,189.8,6727,188.7
2012-01-10,187,189.5,181.45,185.3,1714,187.2
2012-01-09,187,194.65,185.4,189,10361,187.5
2012-01-07,180,191.35,175.15,185.05,501,189.15
2012-01-06,190,190,178.25,184.1,10564,185
2012-01-05,172,198.85,172,191.7,104542,189.85
2012-01-04,172,174.6,168.55,172.5,7569,172.85
2012-01-03,167,171,163,170.5,19007,169
2012-01-02,165,165.8,160.05,164.45,1679,162.2
2011-12-30,164,165.95,160,163.3,5148,162.35
2011-12-29,160,164.95,157,157.95,2189,159.4
2011-12-28,164,169.9,164,164.05,4413,164.05
2011-12-27,166.35,167.4,160.25,162,1509,164
2011-12-26,163,167.95,161.15,163.25,2489,164.7
2011-12-23,163.45,164,157.9,159.05,3726,160.15
2011-12-22,158,162.95,154,162,9990,160.3
2011-12-21,160.35,169.55,159.2,160,12108,160.35
2011-12-20,162.05,166.95,162,162,10408,162.1
2011-12-19,162,168,157.05,166.8,9817,165.75
2011-12-16,160,169,158.25,160.1,5674,161.05
2011-12-15,165.55,165.55,150.35,159.95,7619,159.55
2011-12-14,172.9,172.9,162,169.7,4718,165.55
2011-12-13,172.45,172.45,165.15,170,21749,170.3
2011-12-12,175,177,172.05,174.75,12664,173.6
2011-12-09,173,179,170.2,173.7,1573,175.35
2011-12-08,182.05,182.5,176.35,180,8939,179.75
2011-12-07,187,189.45,181.3,182,8522,183.25
2011-12-05,184.95,185.95,180,184.5,4116,183.6
2011-12-02,176,189,172.6,184,49933,184.7
2011-12-01,184.4,186.85,177,181.9,6266,180.4
2011-11-30,182.9,184.8,175.05,178,3809,178.25
2011-11-29,175,185,169,183,30390,182.9
2011-11-28,169,175.1,165,175,35454,174.3
2011-11-25,162,182.5,159,163.75,9270,162.3
2011-11-24,161,165.8,160.2,164,994,164
2011-11-23,169.95,169.95,157,164,1969,164.45
2011-11-22,159.95,172.7,159.95,168,3290,167.5
2011-11-21,166,169.7,158.05,163,1798,160.9
2011-11-18,178,178,158.3,165,22860,162.95
2011-11-17,184.35,189.75,178.05,183,5911,181.4
2011-11-16,187.05,197.15,181.05,189.95,6682,184.65
2011-11-15,202,205.5,182.75,188,32200,187.05
2011-11-14,215.1,215.1,202.35,205,8178,206.05
2011-11-11,215,215,208.1,211.3,2370,212.2
2011-11-09,219.95,219.95,218,218,354,218.3
2011-11-08,223.9,223.9,218.05,222,5545,221.9
2011-11-04,222,227,216,222.9,19634,222.4
2011-11-03,220.45,225,211,224,18826,218.8
2011-11-02,213.05,219,213,217.95,3606,216.15
2011-11-01,200.7,219.65,200.7,216.3,1805,216.75
2011-10-31,221.1,221.1,215.1,215.1,11821,216.1
2011-10-28,223.1,229.9,220,225,5418,224.15
2011-10-26,220.3,224,220,221,847,222.55
2011-10-25,218,226.45,216.7,224.9,3550,223.45
2011-10-24,220,222.95,218.1,222.5,5295,221.25
2011-10-21,216,221.95,216,220,1530,219.8
2011-10-20,219.8,222.8,216.15,222.7,1741,221.65
2011-10-19,218.2,223,217.5,222.9,13114,220.4
2011-10-18,219.8,219.8,215.1,216.15,807,216.45
2011-10-17,215.2,221.7,214.05,220.9,3735,219.2
2011-10-14,215,221.5,213.05,219.95,15397,219.5
2011-10-13,224.85,226.6,218,218,11612,219
2011-10-12,211,222.5,211,220,4242,219.9
2011-10-11,227,227,210,217,13263,214.9
2011-10-10,225.85,229,213.3,222,14756,220.2
2011-10-07,213,226.95,213,220,10739,218.95
2011-10-05,217,222.85,196,212,75876,214.35
2011-10-04,215,217.9,212,213.5,5214,214.2
2011-10-03,227,227,212.15,213.5,23666,213.75
2011-09-30,226,234.9,225.35,231.05,1585,233.1
2011-09-29,233.65,233.65,220.25,231.95,2992,230.35
2011-09-28,227,232.7,225.55,230,2895,231.05
2011-09-27,221.9,234.4,220.05,232,6098,230.8
2011-09-26,230,232,213.05,220.05,23106,221.9
2011-09-23,233.2,235,218.1,231.9,8365,229
2011-09-22,236.5,244.95,235.1,240,7114,238.4
2011-09-21,250,250,242,248,10941,245.85
2011-09-20,244.4,251,237.5,249,9243,245.15
2011-09-19,239,240,234,239,4495,238.85
2011-09-16,231.75,244,231.75,240.05,5897,239.9
2011-09-15,232.5,233,227.1,232,8439,232.15
2011-09-14,231.4,234,224.1,232.7,6186,231.9
2011-09-13,230.1,234,223.35,229.9,4456,226.9
2011-09-12,230,230,221,225,7347,223.7
2011-09-09,238.1,238.1,232.15,234,1306,233.45
2011-09-08,238,240,236.25,237.2,1639,239.35
2011-09-07,244.95,249.9,235.25,237,10458,238.25
2011-09-06,236.5,242,233.25,239,5052,239.8
2011-09-05,238,241,232.1,240,2234,238.7
2011-09-02,238,244.8,209,243,6365,241.75
2011-08-30,238,241.95,230,239,10873,237.2
2011-08-29,211.05,230,211.05,229.95,9538,227.1
2011-08-26,222,226.95,200.9,212.5,24132,208.25
2011-08-25,221.25,231,218.3,229.9,9322,224.65
2011-08-24,230,233.75,217.1,221,16534,220.95
2011-08-23,232,232,224,227.95,9667,226
2011-08-22,230.15,235,218,226,25089,228
2011-08-19,225,239.9,219,235,43456,232.05
2011-08-18,249.1,251.95,226.25,234.7,23708,231.4
2011-08-17,265.4,265.4,246.6,248,17228,249
2011-08-16,265,273.4,263.4,266.35,10992,265.4
2011-08-12,263.6,268,260.05,264.9,9151,263.4
2011-08-11,260,265,258.05,265,3746,263.6
2011-08-10,257.25,264.9,255,263.95,7290,262.35
2011-08-09,258,261,250.25,261,14297,257.1
2011-08-08,242.1,265,242.1,263,26342,259.85
2011-08-05,263.1,273.35,252.5,273.35,20028,268.8
2011-08-04,269.45,277,263.2,276,78965,273.35
2011-08-03,273,273,261.35,266,24178,264.5
2011-08-02,280.05,283,265,272,18402,274.35
2011-08-01,284.95,286,275.05,281,11507,281.55
2011-07-29,285,294,273,281,46679,281.55
2011-07-28,290,293.1,281.35,290,25768,289.9
2011-07-27,285,295.9,280.95,292.15,106729,293.4
2011-07-26,280,285,278,283,34893,282.7
2011-07-25,284,285,276,280.05,97123,280.4
2011-07-22,279.35,288,273.2,281,39055,282.05
2011-07-21,281.05,285,274.5,276.95,64052,275.65
2011-07-20,289.8,295,280.5,281,100461,281.65
2011-07-19,265,288,260,286,139183,285.25
2011-07-18,253.15,263.75,249,256.25,8499,258.3
2011-07-15,266.25,266.25,257,260,5795,259.6
2011-07-14,259.55,266.9,257.15,262,8566,262.8
2011-07-13,253.1,262,252.1,261,3451,258
2011-07-12,257,260.85,251.05,251.65,6772,252.75
2011-07-11,258.7,264.95,257,262.6,4720,260
2011-07-08,265.95,265.95,260.1,261,4174,261.35
2011-07-07,270.8,270.8,263.5,265.95,5092,265.7
2011-07-06,270.1,274,264,265,7942,266.05
2011-07-05,251.15,276.25,244,270.9,37569,270.15
2011-07-04,275.9,275.9,267.1,273.9,73829,273.3
2011-07-01,267,279.85,265.9,274.9,158785,275.15
2011-06-30,247.75,279,240.6,265,564844,265.8
2011-06-29,221.3,241.6,221.3,240,20169,239.55
2011-06-28,220.05,230.5,218.15,225,5030,225.55
2011-06-27,211.35,224.9,211.35,224,4063,223.6
2011-06-24,205.3,224,205.3,219.05,1238,221.95
2011-06-23,202.55,215,202.55,214.95,9238,213.05
2011-06-22,214.5,215.45,208.1,215.45,3755,214.4
2011-06-21,228.85,228.9,210.05,214.5,8685,212.7
2011-06-20,232,232,212.9,218.85,4930,218.4
2011-06-17,233.15,234.95,226.1,230,6526,228.35
2011-06-16,233.05,239,230.05,238.95,4004,235.2
2011-06-15,240,241,231,235,3261,236.6
2011-06-14,244.75,244.75,236,238.5,284,236.6
2011-06-13,239.95,240,236.2,240,1473,238.9
2011-06-10,234.3,240.5,233.05,240,2441,238.3
2011-06-09,245.9,245.9,238,243,3659,242.15
2011-06-08,246.45,248,239.05,247.8,2020,245.4
2011-06-07,243.95,245.8,241.05,243.5,2234,243.8
2011-06-06,220.6,243.85,220.6,240.7,3084,243.2
2011-06-03,242.4,246.95,235,245.75,1944,244.2
2011-06-02,245,245,238,243,3698,243.4
2011-06-01,236,249.7,236,246.3,6397,245.35
2011-05-31,225.9,251.45,225.9,244.15,14226,246.85
2011-05-30,235.05,239.8,231.5,238.05,1682,239.3
2011-05-27,234.85,239,233,237,5285,237.15
2011-05-26,230.05,235.2,228.75,235,2147,234.9
2011-05-25,231,234.15,226.55,232.6,4713,230.7
2011-05-24,221.65,230.95,221.65,230,3116,229.3
2011-05-23,226.65,230.5,225.05,225.25,1384,228.45
2011-05-20,221.65,237.7,221.65,237.45,12547,234.3
2011-05-19,223.65,233.2,223.65,227.6,3593,227.85
2011-05-18,221.75,237,221.75,231,12548,231.6
2011-05-17,233.15,246.5,228.9,236,16095,235.65
2011-05-16,240,247,237,244.6,23202,242.7
2011-05-13,222,238.85,222,235.8,14502,233
2011-05-12,229.5,230.5,219.65,220.5,7623,222.9
2011-05-11,232,236.5,227.05,229.5,1327,228.7
2011-05-10,227.8,233.95,222.05,232,4657,230.8
2011-05-09,234,234,227.3,227.3,2220,229.35
2011-05-06,224.05,234.9,224.05,234.85,2082,229.7
2011-05-05,231,233,225,228,4720,228.95
2011-05-04,221.25,241,218.5,228.1,16045,229.6
2011-05-03,225,228.3,214.2,228.3,10153,222.6
2011-05-02,226.4,232.55,221.05,225,7959,224.95
2011-04-29,240,245,223.3,231,9141,230.4
2011-04-28,244.05,249,241.15,247.95,2004,244.55
2011-04-27,244.35,250,240,250,3951,248.65
2011-04-26,246.05,253.8,245.05,248,5103,249.35
2011-04-25,255.6,257,248,249.45,8095,249
2011-04-21,253.85,257,250.55,256,11693,255.3
2011-04-20,247.45,252.75,247.45,251,7868,250.9
2011-04-19,248.4,250.45,246.15,247,4510,247.75
2011-04-18,249,253.15,240,243,11708,246.9
2011-04-15,243.1,256,243.1,248.95,14755,248.8
2011-04-13,240.15,259.4,238.15,249.2,45264,249.95
2011-04-11,255,255,237.1,239.75,10873,240.15
2011-04-08,268,270.5,246,251.9,64752,248.95
2011-04-07,251,268,248.3,262,92353,262.8
2011-04-06,246,254.85,240,247,199895,248
2011-04-05,228,250,222.05,244.6,40139,244.2
2011-04-04,215,234,210.1,234,104111,225.6
2011-04-01,218.85,218.85,208,213,2977,212
2011-03-31,219.3,219.9,200.5,216,22647,211.95
2011-03-30,201,217.2,200.5,214.8,11232,212.5
2011-03-29,199.9,204,197,204,22180,201.7
2011-03-28,201,205,197,200.5,57599,197.35
2011-03-25,195.05,206.45,195.05,205,54893,202.7
2011-03-24,197,199,195,195.05,54170,196.35
2011-03-23,196.1,204,196,197,50953,197.2
2011-03-22,193.1,200.95,193.1,199,4133,197.85
2011-03-21,198,200.7,192.4,193.1,3319,194.95
2011-03-18,199.5,199.5,194,194.05,21746,195.4
2011-03-17,198.1,200.3,193,196,20431,197.7
2011-03-16,209,209,197.2,198.5,17493,198.8
2011-03-15,190.55,205,190.55,198.05,5929,201.45
2011-03-14,203.15,207.95,202,205,3953,205
2011-03-11,210.05,215,198,204.5,5845,206.05
2011-03-10,215,217.75,210,213.75,139064,213.25
2011-03-09,210.25,219.65,210.25,216.1,5890,216.3
2011-03-08,205.25,214.9,205.25,209.95,5506,211.15
2011-03-07,217.05,219,205.25,211.5,19323,209.3
2011-03-04,214,229.5,212.05,220.9,80231,220.4
2011-03-03,205.55,214,198,210.1,24956,208.6
2011-03-01,183,208.8,177.15,205.1,31853,199.6
2011-02-28,180,192,180,184.95,8604,182.95
2011-02-25,185.1,190.8,181,189.95,5478,188.1
2011-02-24,200,200,185.5,192,8095,188.65
2011-02-23,198,204.8,196.25,203,4948,202.8
2011-02-22,200,200.05,193.25,194,6350,196.6
2011-02-21,202,205,198.8,203,2711,200.45
2011-02-18,208,208,198,202,11031,200.3
2011-02-17,199,208,198.5,208,34498,204.95
2011-02-16,206.5,212,196.1,196.95,15414,202.05
2011-02-15,213,216.4,200.35,203,71604,206.15
2011-02-14,201,216,198,207,29741,208.8
2011-02-11,198.8,204.5,184,196.9,11207,198
2011-02-10,207.5,207.5,180.6,193.5,62623,192.15
2011-02-09,192.6,199.7,191,191,11516,191.9
2011-02-08,219.75,219.75,198,200.05,13077,200.35
2011-02-07,208,211.2,202.55,209,3039,209
2011-02-04,225,225,208,210,3029,213.25
2011-02-03,212.1,219,212,218.6,3829,217.7
2011-02-02,202,219,201,216.6,13749,215.85
2011-02-01,214.8,214.8,193.05,200,7593,199.95
2011-01-31,219,219,175.3,200,9874,196.5
2011-01-28,206.4,209.45,196.1,199,8114,199.7
2011-01-27,226,226,209.45,211.05,10805,212.75
2011-01-25,224.8,231,220.05,224,31526,222.8
2011-01-24,230.9,230.9,218.05,220.05,33995,220.9
2011-01-21,205.25,235,205.25,225.05,55242,228.6
2011-01-20,209.05,217,209.05,214,1937,213.8
2011-01-19,215.65,219.7,207.3,219.7,4122,215
2011-01-18,209,221,209,215.6,4312,215.9
2011-01-17,218.2,221,213.5,215.25,1372,215.3
2011-01-14,229.95,229.95,211.05,221,5999,219.05
2011-01-13,222,228,216.1,224.95,2444,222.8
2011-01-12,216.3,226,216.3,225,2750,223.65
2011-01-11,217,227.45,213,223,10477,219.15
2011-01-10,215.25,236.85,215.25,220,13309,219.4
2011-01-07,241.35,251.65,230.25,230.25,3264,235.1
2011-01-06,245,252.75,240,245,3953,245.55
2011-01-05,245,258,241.1,247,3349,245.85
2011-01-04,264,264,248.1,249.95,5354,250.15
2011-01-03,254.9,254.9,245,254,7532,253.75
2010-12-31,258,258,231.05,247,3096,246.25
2010-12-30,248.35,251.9,241.5,247,6895,248.75
2010-12-29,243,249,239.05,242,7430,242.95
2010-12-28,242,253.9,232.1,249.4,9150,245.95
2010-12-27,246.8,248,238.55,246,5854,244.3
2010-12-24,240,241.9,230.05,241.9,3422,237.85
2010-12-23,245,245,233.05,235,2146,234.55
2010-12-22,243,243,233,233.1,1421,233.55
2010-12-21,248,248,230.05,232,2091,232.15
2010-12-20,230,249,215.25,233,9277,230.25
2010-12-16,234,240,227,237.8,6127,232.4
2010-12-15,252,254.6,233,234.15,16677,236.3
2010-12-14,231.5,239.85,228.2,236,5177,235.5
2010-12-13,230,235,220,229.1,3544,231.2
2010-12-10,228.9,232,208,222.1,5934,223.65
2010-12-09,238.15,238.15,208.6,224.4,40605,218.95
2010-12-08,237,243,221,233.65,9717,233.2
2010-12-07,254.95,254.95,235.55,239,6188,239.4
2010-12-06,251,255,242,251,10025,248.35
2010-12-03,260.9,260.9,243.55,254.9,7151,253.6
2010-12-02,260,260,254.1,255.65,4277,255.55
2010-12-01,254,259,247.1,255,13023,256.85
2010-11-30,243.95,252,234.15,245.7,9802,247.1
2010-11-29,238,244,232.4,240,15122,240.1
2010-11-26,248,253.85,220.1,243,25681,241.85
2010-11-25,269.95,269.95,241.3,248,28510,246.3
2010-11-24,264,270,257.1,262,25885,260.95
2010-11-23,268.9,269.5,256.05,267.85,15382,266.9
2010-11-22,262,271.9,261.05,268.6,17235,270.3
2010-11-19,252,268.9,250,260.15,27606,262.2
2010-11-18,252,264.75,248.2,251,67990,251.5
2010-11-16,275,276,255.6,262,23871,259.05
2010-11-15,270.1,280.9,270.1,271.25,38827,273.35
2010-11-12,283,284.7,270.1,270.3,15261,272.3
2010-11-11,299,299,275.3,282.25,26688,281.45
2010-11-10,289.05,291.95,283.2,283.25,14613,284.75
2010-11-09,291,294.75,287.05,287.05,42992,290
2010-11-08,291.1,291.5,285,287,13933,289.65
2010-11-05,293.45,296,288,288.1,19642,291.95
2010-11-04,287,288.65,281.2,285.75,14933,285.85
2010-11-03,289,289,278.05,282,27389,282.9
2010-11-02,291.65,291.65,284,286.65,21268,286.05
2010-11-01,286,305,282,288,328356,289.5
2010-10-29,282.7,286.95,276,284.7,20279,280.5
2010-10-28,285.95,287,280.15,283.5,9691,282.9
2010-10-27,286.9,286.9,277,284.9,22394,284.2
2010-10-26,284,285.9,279.5,283.5,21016,282.1
2010-10-25,286.25,289.9,280.25,283.45,20394,283.55
2010-10-22,290.7,292.5,281.55,286,63790,285.9
2010-10-21,290,298.9,285,290.7,261157,288.7
2010-10-20,269.95,290,262.95,283,180029,281
2010-10-19,270,270,258.05,260.5,18434,261.65
2010-10-18,259,262,255.05,257.55,27197,259
2010-10-15,282,282,257,258,49390,258.75
2010-10-14,279.95,279.95,263.35,264,31338,265.05
2010-10-13,282,282,270,276.1,19157,276.2
2010-10-12,278,281,268.15,270.6,16501,271
2010-10-11,266.1,280.75,266.1,278,65161,275.9
2010-10-08,267.5,268.6,262,266.45,15037,266
2010-10-07,274,279.6,257.2,268.9,34318,264.6
2010-10-06,271.2,273.55,267,272,17227,271.35
2010-10-05,262.85,272.9,258,269.35,39357,269.95
2010-10-04,269,269,255.35,258,221556,259.6
2010-10-01,282,282,261.2,265,54874,266.9
2010-09-30,261,269,260,262.4,32918,265.75
2010-09-29,267,271,258.6,261.8,31083,262.25
2010-09-28,282.4,282.4,264,265.5,51854,265.5
2010-09-27,289,289,275.1,276.15,9847,277.05
2010-09-24,274.95,281,265,277,32828,275.95
2010-09-23,276,285,271.15,273.1,24825,273.65
2010-09-22,281,290,274,283,53884,283.05
2010-09-21,283.5,291,272.5,280,26863,280.95
2010-09-20,292,299,285.35,286.65,50063,286.85
2010-09-17,284.5,292,284.05,289.65,22022,289.35
2010-09-16,290.1,293,282,282.05,20559,283.5
2010-09-15,290,297,288.95,293,22962,294.35
2010-09-14,302,308,288.45,290,31401,289.75
2010-09-13,292,309,292,298.8,33528,300.7
2010-09-09,291,299,291,293,13166,292.35
2010-09-08,285.05,294.85,285.05,290.3,18705,292.4
2010-09-07,291,295.5,288.25,292,14264,290.8
2010-09-06,300,300,288.2,292,19138,291.25
2010-09-03,288.5,299,287.4,297,27938,295.85
2010-09-02,292,295,285.05,285.7,21050,286.4
2010-09-01,270,291.6,270,288.9,23461,288.3
2010-08-31,282.5,284.3,276,279,19800,277.75
2010-08-30,283.1,285.45,278,284.7,29043,281.4
2010-08-27,293,293.85,277.3,280,27231,281.5
2010-08-26,294.9,294.9,290,293,19508,293.35
2010-08-25,304.9,305,287.25,293,67454,290.3
2010-08-24,314.9,314.9,299,303,106826,302.15
2010-08-23,311,318.7,305.15,315,102934,314.1
2010-08-20,310,321,309,312,119861,311.7
2010-08-19,304,319,304,314.2,193659,312.9
2010-08-18,296.5,306.75,294.2,302,94873,303.95
2010-08-17,291.25,301,290.5,293,65740,292.1
2010-08-16,294.8,297.8,285,288,49115,286.65
2010-08-13,281,294.2,281,291.9,36710,291.5
2010-08-12,287,289.85,282,286.65,39493,288.35
2010-08-11,285.65,291.85,283,285,38069,287.05
2010-08-10,303.9,303.95,283.65,285,94800,285.85
2010-08-09,296,308.4,294,298.2,215450,298.15
2010-08-06,290.9,295,284.15,294.85,111713,292
2010-08-05,297.7,300,285.4,288.6,57863,289.05
2010-08-04,290,298,288.5,291,98074,291.9
2010-08-03,280,292.85,280,289.05,168815,288.55
2010-08-02,280,287,277,279.65,45919,279.65
2010-07-30,281.4,287.4,278.6,283.8,91223,282.9
2010-07-29,265.15,291.3,265.15,280.5,260766,279.45
2010-07-28,262.1,274,261.25,268,109864,264.75
2010-07-27,264,268,260.3,262.1,10984,261.6
2010-07-26,269.8,270.9,262.2,264.7,20346,263.8
2010-07-23,270.75,274,265.5,270,35940,268.6
2010-07-22,269.65,273.8,266.2,271,56422,270.75
2010-07-21,274.6,274.95,267,267,96285,268.7
2010-07-20,261.05,283.9,261.05,271,249573,272
2010-07-19,264,265.6,260,260.95,47128,260.55
2010-07-16,262.3,272.5,260.15,263,42988,262.9
2010-07-15,263.7,269.8,260.1,264.85,40086,262.95
2010-07-14,274.85,278,260.7,262,84340,262.4
2010-07-13,259,280.4,257.05,272.75,241802,270.2
2010-07-12,264.7,265.1,256.25,256.25,51011,257
2010-07-09,259.9,262.7,258.05,260.25,21738,259.9
2010-07-08,259,263.7,256.5,256.55,47371,257.05
2010-07-07,259,264.9,253.3,256.5,65254,257.3
2010-07-06,255,264.7,255,257.5,81278,258.05
2010-07-05,252,256,250.05,256,8689,254.55
2010-07-02,248,257.85,248,250.95,21127,251.3
2010-07-01,256,263.5,250.65,250.7,53399,251.9
2010-06-30,253,254.95,245.55,254,38385,252.35
2010-06-29,261.9,263,252.05,252.15,98438,253.4
2010-06-28,255.3,262.7,253,260,127749,258.15
2010-06-25,254,261,251.15,253.05,27043,254.35
2010-06-24,264.95,265.95,250,254,62179,254.45
2010-06-23,261,269.85,257,265,169504,262.05
2010-06-22,251.5,277.5,251,259.25,658715,259.7
2010-06-21,234.9,251.7,230.05,250.5,210290,249.7
2010-06-18,233,237.4,227.15,231.1,97298,231.3
2010-06-17,227.2,233,221.05,232.5,63520,230.85
2010-06-16,224,231,220.25,223.05,79007,223.9
2010-06-15,211.8,229.25,205.5,221.35,226114,220.5
2010-06-14,207.4,212,203,209.5,98327,209.85
2010-06-11,218,218,198.05,200.3,17286,201.45
2010-06-10,209,209,204.05,205,20169,205.3
2010-06-09,205,211.9,204,205.5,48103,206.6
2010-06-08,198.6,206.9,195.05,203,80230,202.15
2010-06-07,198.95,198.95,193.05,196.7,6671,196.05
2010-06-04,205,207.9,201,201.55,19022,204.1
2010-06-03,202.3,208,197.5,201.15,54919,202.1
2010-06-02,198.6,198.6,193,197.2,4332,195.95
2010-06-01,205,205,192.2,194.45,18749,193.75
2010-05-31,195.45,204.7,193,200.7,20601,198.55
2010-05-28,197,199.75,190.65,193,20299,192.7
2010-05-27,196.7,197.7,188.5,193.5,13049,193
2010-05-26,198.7,198.7,187,193,31112,193.15
2010-05-25,204.75,204.75,185.4,188.5,43469,189.4
2010-05-24,210,213.6,203.15,207,49963,204.55
2010-05-21,205,209.9,203,206,35684,207.25
2010-05-20,214.8,215.8,207,207,50072,208.45
2010-05-19,215,222.5,206.05,210.05,98462,210.65
2010-05-18,213,219.35,207.25,214.85,267938,214.9
2010-05-17,205,208.6,196,207.25,81131,207.05
2010-05-14,199.95,210,198,200.2,303013,201.8
2010-05-13,193.6,201,189.5,199,138816,197.5
2010-05-12,193.9,193.9,186.5,190,61838,189.55
2010-05-11,188,194.35,188,190.25,15129,189.7
2010-05-10,189,192,185.45,190,14114,189.95
2010-05-07,185.05,188.5,181.5,182.5,16534,183.2
2010-05-06,194,196,188.15,191.15,19022,192.15
2010-05-05,183,194,181,193,17982,192.35
2010-05-04,199.95,199.95,187.1,187.1,16900,188.1
2010-05-03,195.6,202,194.45,196.9,22664,196.25
2010-04-30,203,203,195.3,195.3,21582,195.9
2010-04-29,194,202.2,192.45,198.5,53491,200.05
2010-04-28,196,200,190,190,36668,190.55
2010-04-27,185.85,205.95,185.85,196.6,22756,197.25
2010-04-26,202.9,204.7,198.55,201.9,30563,201.35
2010-04-23,201,204.35,198.05,199.9,23121,198.8
2010-04-22,201,207.6,196.75,198,45212,199.4
2010-04-21,201.9,209.45,199,203,250642,203
2010-04-20,182,202,182,199.4,174603,199.6
2010-04-19,185,186.2,179.15,181.75,15023,181.95
2010-04-16,191,191,186,186.2,13802,186.45
2010-04-15,191,193.75,186.8,189,27365,188.35
2010-04-13,193,193.8,187,187.2,21136,188.1
2010-04-12,195.85,195.85,191.25,191.4,17436,191.7
2010-04-09,198,199,192.35,192.6,28138,193.8
2010-04-08,198.1,201,193.3,194.9,39117,194.85
2010-04-07,200,204,195.15,200,80451,199.25
2010-04-06,193.25,205.95,191,199,446052,198.95
2010-04-05,192.65,198,190,191.55,114187,192.4
2010-04-01,185,191,183.2,189.5,51318,189.5
2010-03-31,182,187.8,178.5,187,28929,184.55
2010-03-30,178.5,186.8,178.4,182.65,42365,181.4
2010-03-29,183.95,183.95,175.5,176,18880,177.45
2010-03-26,180,183,177.35,182.85,16524,181.35
2010-03-25,180,184.8,173.05,178,9286,179.5
2010-03-23,176.45,180,173.05,176,6408,178.1
2010-03-22,172,182,171.65,173.25,8053,173.45
2010-03-19,176.2,176.2,171.2,173,7421,173.25
2010-03-18,179.7,179.7,172.1,174.95,14240,174.3
2010-03-17,182.5,182.5,174.25,175,19950,177.5
2010-03-16,177.25,182.5,177.25,180.15,10522,181.4
2010-03-15,188,188,175.25,179.4,9700,179.95
2010-03-12,183,184.2,172,180.35,13217,180.7
2010-03-11,186.4,189,182.1,182.25,51742,182.45
2010-03-10,186.4,194.5,183.15,183.7,196408,184.4
2010-03-09,181,189.95,177.3,188.5,39202,188.25
2010-03-08,181.8,183,178.7,183,8197,181.85
2010-03-05,181,184,178,178.35,11503,179.2
2010-03-04,175.95,181.9,175.95,178.5,14770,180.6
2010-03-03,178.65,178.65,172.2,174.1,11429,175.95
2010-03-02,171,178.45,170.55,174,8677,176.35
2010-02-26,173.9,176.7,168.15,176,17585,174.55
2010-02-25,156.75,180,156.75,171.9,8128,171.1
2010-02-24,170.05,178,165.15,174.8,7951,172.3
2010-02-23,160.3,174.9,160.3,174,10364,173.45
2010-02-22,175.95,175.95,167.5,170,13839,170.75
2010-02-19,170,172,165,167.6,8317,169.65
2010-02-18,172.1,176,170,173,9078,173.75
2010-02-17,172.5,178.7,172.5,175,11042,176.3
2010-02-16,178,178,172.55,172.55,5971,173.3
2010-02-15,172,180,172,175,28013,177.95
2010-02-11,170,180.9,170,175.65,13366,176.45
2010-02-10,182,182,174,175.05,6474,175.4
2010-02-09,180.1,182.4,175.25,177,8177,176.2
2010-02-08,170,184.7,170,177,6309,176.95
2010-02-06,179,180.9,175,179.9,880,179.9
2010-02-05,184.4,184.4,170.1,176,9246,175.2
2010-02-04,194,194,178,178,26945,179.15
2010-02-03,194,195,185.2,190,96624,189.05
2010-02-02,190,190,182.95,189,24942,186.95
2010-02-01,182.95,184.5,178,184.5,26950,183.45
2010-01-29,175,179.5,166.5,179,30266,178.55
2010-01-28,169.9,190,165.1,174.5,34773,176.35
2010-01-27,190,190,166,166.25,74929,169.9
2010-01-25,183.4,183.9,176.05,183.5,29869,183.1
2010-01-22,184,184,170.55,183.9,55735,182.7
2010-01-21,194.9,194.9,182.25,184,25859,185.35
2010-01-20,193.55,196,189.15,192.25,20281,191.35
2010-01-19,195,198.9,188.1,191.9,58612,191.5
2010-01-18,191.2,197.2,190.55,193.45,56540,194.5
2010-01-15,194.1,195.4,191,191.05,35412,192.2
2010-01-14,198.1,199,191.15,193,48671,193.6
2010-01-13,196.8,198.95,193.25,196,129508,195.85
2010-01-12,190.35,199.75,189.1,194,401401,195.7
2010-01-11,201.4,204,187.5,189,434132,190.35
2010-01-08,195.9,203.9,193.05,199.1,126301,198.35
2010-01-07,197,199,193.2,197,122852,195.3
2010-01-06,190.6,197,190.6,195.4,157561,195.8
2010-01-05,191.1,194.5,187,194,145695,192.65
2010-01-04,195,196.55,189.3,190,21034,190.6
2009-12-31,195,198.5,191.4,193,139848,192.55
2009-12-30,187.8,193,184,190,76524,190.75
2009-12-29,181.3,188.35,180.1,185.75,34647,185.6
2009-12-24,185.9,185.9,180.15,181.1,66443,181.05
2009-12-23,187,187.5,182.1,184.35,80874,184.45
2009-12-22,177,187,176,183.8,118389,185.35
2009-12-21,171.45,176.55,168.35,175,118166,175.65
2009-12-18,171.95,174.5,166.15,167.8,134231,169.75
2009-12-17,164,171,164,170.9,68124,170.15
2009-12-16,159.75,166.95,159.5,165.3,203240,164.4
2009-12-15,166.9,166.9,157.5,157.65,11654,160
2009-12-14,164.5,167.5,160.85,166,30673,165.4
2009-12-11,169,170.9,161.15,165,26733,166
2009-12-10,169.95,173.8,164.5,167,91512,166.75
2009-12-09,158,170.1,158,167.05,211099,167.3
2009-12-08,150.1,161.45,150.1,161.45,82978,159.45
2009-12-07,154,156,151.1,154.85,18904,152.55
2009-12-04,151.95,161.65,151,154,90656,153.95
2009-12-03,153.5,155,148.5,150.25,63355,149.85
2009-12-02,142.5,152.5,141.5,149.4,33398,149.1
2009-12-01,146.65,146.65,142.3,142.3,3236,142.9
2009-11-30,144.95,146,140.5,142.7,22958,145.05
2009-11-27,136,146.95,136,142,36461,144.25
2009-11-26,149,149.5,138,142,38472,142.95
2009-11-25,149.95,149.95,144,149.5,30427,147.35
2009-11-24,145.65,147.85,141.3,143.5,9507,145
2009-11-23,148,150.05,145.5,147,7261,146.9
2009-11-20,144.5,149.95,144.5,149.95,17981,149.5
2009-11-19,145.5,151.5,145.5,149,30668,148.5
2009-11-18,147.8,151,144.05,148.5,24083,149.9
2009-11-17,145.25,147,144.05,145.5,6750,144.35
2009-11-16,145.25,152,145.25,146.05,21188,147.05
2009-11-13,145.1,149.8,145,149.8,7587,147.3
2009-11-12,147,150.5,140.55,150,20346,148.55
2009-11-11,145.25,149.7,145.25,149.7,17654,148.95
2009-11-10,152,152,145.1,149.95,24943,148.4
2009-11-09,148,151.85,147,150,40878,150.05
2009-11-06,140.5,146.3,140,146.3,67218,146.3
2009-11-05,128.1,139.3,128.1,139.3,39348,139.3
2009-11-04,131,133.85,126.6,133,37243,132.65
2009-11-03,133.1,135,131.5,131.5,25795,131.5
2009-10-30,145,146,133.7,135.8,26002,138.4
2009-10-29,138.1,142.4,135.7,138.15,43846,139.95
2009-10-28,137.15,148,137.05,145.5,53090,142.8
2009-10-27,146.5,147.5,142.65,143,68676,144.25
2009-10-26,149,151.5,146.4,150,29013,150.15
2009-10-23,151,152.45,146.05,150,47030,148.95
2009-10-22,149,154,146,151,106410,147.65
2009-10-21,155.35,155.35,144.5,150.1,330363,150.05
2009-10-20,142,147.95,142,147.95,126143,147.95
2009-10-17,140,142.8,133.5,141,27509,140.9
2009-10-16,145.55,145.55,132.15,137.25,150621,136.35
2009-10-15,138.6,138.6,138.6,138.6,7800,138.6
2009-10-14,132,132,132,132,23826,132
2009-10-12,123,125.7,122,125.7,22294,125.7
2009-10-09,115,119.7,114,119.7,65224,119.7
2009-10-08,116,116,112.3,114,12973,114
2009-10-07,114.5,116,112,113,18320,113.05
2009-10-06,114.9,115,110.55,113.5,72325,113.95
2009-10-05,122.5,122.5,115.25,115.65,28059,116.35
2009-10-01,115,120.9,114.5,120.9,71640,120.9
2009-09-30,117,117,114.05,114.5,14300,115.1
2009-09-29,113,117.8,113,115,26398,115.35
2009-09-25,109.2,116.45,109.2,112.5,58744,112.9
2009-09-24,111.5,115,107.3,113,24628,110.9
2009-09-23,114,115,112.4,112.5,11646,112.95
2009-09-22,116,119.5,113.1,113.95,27759,114.45
2009-09-18,115.9,117.9,113.1,116,22109,115.95
2009-09-17,116.55,118,112,114,23110,114.55
2009-09-16,117,119.95,115.35,116.75,41986,116.55
2009-09-15,120.9,123.65,117.5,117.6,55183,118.5
2009-09-14,117.5,120,113.1,118,34126,118.95
2009-09-11,119.9,119.9,113,116,47247,116.7
2009-09-10,121,121.85,115,115.1,128828,115.8
2009-09-09,113.7,116.05,111,116.05,147369,116.05
2009-09-08,108,113.7,108,111.5,112563,110.5
2009-09-07,107.3,109.75,105.1,108.05,50431,108.25
2009-09-04,107.5,107.5,103.5,105.3,27942,105
2009-09-03,107,113,104,107.9,75121,107.45
2009-09-02,106,109,101.35,107.9,126739,107.6
2009-09-01,101.7,106.65,99.5,106.65,312141,105.5
2009-08-31,88.8,96.95,87.2,96.95,41151,96.95
2009-08-28,87,88.9,85.6,87.55,7124,88.1
2009-08-27,89,90,87.1,87.1,15174,87.25
2009-08-26,84.05,92.8,82,89,75263,87.55
2009-08-25,88,88,81,83,43928,84.35
2009-08-24,81.95,85.4,78.05,85.4,23198,85.4
2009-08-21,77.3,80.1,77.1,77.45,5763,77.6
2009-08-20,74.4,80,74.4,78,3619,77.95
2009-08-19,75,78.5,75,76.4,2935,76.5
2009-08-18,76.95,79,75.1,77,3129,76.05
2009-08-17,80,80,72,75.45,6746,74.6
2009-08-14,78.9,81,77,77.1,7013,77.35
2009-08-13,70.5,79.05,70.5,79.05,13137,79.05
2009-08-12,72.8,72.8,69.55,71.85,1541,71.85
2009-08-11,73.5,74.85,70.5,71,5141,71.65
2009-08-10,74.5,74.5,70.35,72.8,4548,71.95
2009-08-07,79.95,79.95,74.2,74.65,18862,74.7
2009-08-06,76.65,80.75,76.65,79,12670,79
2009-08-05,76.1,84.95,76.1,78.65,17136,78.45
2009-08-04,84.9,86.1,82.1,83.8,9664,83.2
2009-08-03,82.1,84,82,82.5,6774,83.1
2009-07-31,85,87,80.15,81,21915,81.4
2009-07-30,81.1,84.9,81,84.9,3428,83.45
2009-07-29,85,86.5,81,82.5,11367,82.4
2009-07-28,82.1,87.2,82,87,22538,86.7
2009-07-27,77.05,87,77.05,83,23465,82.85
2009-07-24,79.2,81.45,77,80.45,17715,79.95
2009-07-23,80.3,80.5,78.4,80.5,2433,80.05
2009-07-22,80.45,80.45,77.5,80.2,33276,79
2009-07-21,80.4,81.3,78.1,78.55,12484,79.2
2009-07-20,77.15,85.5,77.15,81.1,9949,82.75
2009-07-17,77.1,83,77.1,80.05,14248,81.5
2009-07-16,84.5,84.95,76.9,77.5,12455,77.25
2009-07-15,78,86.85,78,82.55,26389,80.9
2009-07-14,72.75,78.95,72.75,78.95,11623,78.95
2009-07-13,71.6,72.6,70,72,15346,71.75
2009-07-10,73.5,75,72.25,73,8421,73.55
2009-07-09,72.25,75,72,75,20742,73.75
2009-07-08,72,76.6,71.25,75.65,8183,74.45
2009-07-07,76,78.55,70,74.05,7104,75.85
2009-07-06,80,82.6,74.75,74.85,29352,74.8
2009-07-03,77.25,79.9,77.25,78,3534,78.65
2009-07-02,81.95,81.95,77.85,78.5,7547,78.15
2009-07-01,81.3,82,76.25,79.5,6370,80.25
2009-06-30,85,86.05,77.85,79.25,14861,78.5
2009-06-29,80,81.95,79,81.95,15410,81.95
2009-06-26,79,80,75.25,78.45,21301,78.05
2009-06-25,79.75,79.75,75.1,79.3,8156,79.1
2009-06-24,75,75.95,72.55,75.95,5565,75.95
2009-06-23,67,72.3,65.65,72.3,5322,72.3
2009-06-22,66,68.85,65.75,68.85,3868,68.85
2009-06-19,66.85,69.5,65.1,66,5334,65.55
2009-06-18,73.9,73.9,68.5,68.5,8142,68.5
2009-06-17,75.3,75.35,70.1,70.1,6422,72.1
2009-06-16,74.55,74.55,72,72.5,6990,73.4
2009-06-15,80,82.05,75.15,75.15,8955,75.15
2009-06-12,83.5,83.85,78,79.05,15076,79.1
2009-06-11,73.1,79.85,72.25,79.85,17516,79.85
2009-06-10,81,84.05,76.05,76.05,27453,76.05
2009-06-09,80.05,82.9,80.05,80.05,9310,80.05
2009-06-08,93.1,93.1,84.25,84.25,20452,84.25
2009-06-05,88.65,88.65,85.05,88.65,33630,88.65
2009-06-04,84.4,84.4,84.4,84.4,1421,84.4
2009-06-03,80.35,80.35,80.35,80.35,1496,80.35
2009-06-02,76.5,76.5,76.5,76.5,6321,76.5
2009-06-01,72.85,72.85,72.85,72.85,1452,72.85
2009-05-29,69.35,69.35,69.35,69.35,1891,69.35
2009-05-28,66.05,66.05,66.05,66.05,1222,66.05
2009-05-27,62.9,62.9,62,62.9,6233,62.9
2009-05-26,60.5,60.5,58,60.5,42324,59.9
2009-05-25,57,57.6,57,57.6,370,57.6
2009-05-22,54.85,54.85,54.85,54.85,1189,54.85
2009-05-21,52.2,52.2,52.2,52.2,780,52.2
2009-05-20,49.7,49.7,49.7,49.7,435,49.7
2009-05-19,47.3,47.3,47.3,47.3,1920,47.3
2009-05-15,42.55,45.8,42.55,45,8146,45.05
2009-05-14,41,43.95,41,43.95,1332,43.6
2009-05-13,41.55,43.5,40,42,3914,42
2009-05-12,42,42.9,41,42.4,6032,42.05
2009-05-11,43,43.8,41.15,41.5,2425,41.5
2009-05-08,42,44,42,42.6,4761,42.65
2009-05-07,42.5,43.35,41.6,41.65,5132,41.95
2009-05-06,45.5,45.5,42.85,42.85,4726,43.6
2009-05-05,45.05,45.15,42,43.5,21331,45.1
2009-05-04,41.15,43,41.15,43,1885,43
2009-04-29,40.2,42,40.2,40.95,1204,40.95
2009-04-28,41.15,43.4,40.75,40.75,5597,40.9
2009-04-27,43.1,44,42.35,42.5,3525,42.85
2009-04-24,46,46.5,43.1,44,7080,43.4
2009-04-23,41.4,45.65,41.4,45,8569,45.05
2009-04-22,42.3,44.65,42.05,44,15099,43.5
2009-04-21,43.75,45.7,43.05,44.1,8290,44.2
2009-04-20,42.5,45.4,39.4,45.1,28074,45
2009-04-17,39.85,42.5,37.6,42.35,26806,41.25
2009-04-16,40,44,36.3,38.5,38929,38.65
2009-04-15,36.75,40.3,36.75,40.3,24922,40.3
2009-04-13,34,37.2,34,37.2,34668,36.6
2009-04-09,31,34.8,30,34.05,44291,33.8
2009-04-08,26.5,30.75,26.15,30.45,22712,30.45
2009-04-06,25.65,28,25.65,27.75,21190,27.65
2009-04-02,25.55,27,24.35,26.1,14740,25.95
2009-04-01,22.55,25.5,22,25,7503,24.9
2009-03-31,22.55,24.5,22.15,23.55,3702,23.55
2009-03-30,21,24,21,23.15,14108,23.1
2009-03-27,25,25,20.35,23.1,29044,22.8
2009-03-26,23,24.95,23,23.2,4088,23.25
2009-03-25,24,24.75,22.5,24.75,6283,23.8
2009-03-24,24.2,25.35,24,24.05,5233,25
2009-03-23,23.8,26.6,23.35,24.3,3184,24.25
2009-03-20,22.3,23.4,22,22.05,2416,22.45
2009-03-19,23,23.35,21.6,22.5,2992,22.45
2009-03-18,21.95,23.4,21.8,23.35,6279,22.85
2009-03-17,21.4,22.95,21.4,22.1,3402,22.3
2009-03-16,22,22.65,21,22.5,18587,22.3
2009-03-13,22.75,22.75,20.65,22.2,34613,22.2
2009-03-12,21,21.85,20,21.6,2772,21.75
2009-03-09,19.95,20.65,19.7,20.65,929,20.4
2009-03-06,19.55,20.7,19.5,20.5,2821,20.4
2009-03-05,19.9,20.3,19.35,20.1,7004,19.95
2009-03-04,23,23,18.05,20,31996,20.4
2009-03-03,22,22.9,21.5,22.4,1109,21.85
2009-03-02,23.05,23.05,21.85,22.3,1467,22.45
2009-02-27,22.5,23.25,21.5,22,5328,22.05
2009-02-26,22.7,22.75,22.15,22.7,2924,22.7
2009-02-25,22.2,23.5,22.05,22.55,4606,22.7
2009-02-24,23.6,23.6,22.2,23,52635,22.95
2009-02-20,25,25,23.8,24,2056,23.9
2009-02-19,25,25.4,24.75,25,809,25
2009-02-18,25,25.95,24.9,24.9,2071,24.95
2009-02-17,25.05,25.7,24.7,25.6,72707,25.45
2009-02-16,26.05,27.2,25.5,25.8,8061,25.8
2009-02-13,25,26.6,25,26,80744,26.05
2009-02-12,25.9,25.9,24.65,25.25,9074,25.2
2009-02-11,23.25,26,23.25,24.95,7750,24.95
2009-02-10,27,27,24.8,25.15,12939,25
2009-02-09,26,26.5,24.8,26.5,13175,26
2009-02-06,25.05,26.5,24.5,24.5,12537,24.7
2009-02-05,27.8,27.8,24.75,24.95,3897,25.1
2009-02-04,27,27.7,25.2,26.1,6549,25.8
2009-02-03,28,29,25.15,25.45,15522,25.6
2009-02-02,29.8,31,26.7,27.5,41528,27.1
2009-01-30,27,31.5,27,30,9318,30
2009-01-29,25.4,27.7,25.4,26.5,7138,26.6
2009-01-28,24.4,25.3,24.4,24.65,2698,24.75
2009-01-27,26,26.9,24.5,25.8,5033,25.05
2009-01-23,26.05,28.45,25,26,2971,26.75
2009-01-22,28.7,28.85,26.4,26.4,1230,27.6
2009-01-21,29.8,29.8,27,28.6,1294,28.05
2009-01-20,26,30,24.4,29.1,1083,29.05
2009-01-19,28,30.75,28,28.5,827,28.55
2009-01-16,27.7,30.7,27.7,28,2978,28.9
2009-01-15,29.55,30.4,29,29.6,2118,29.25
2009-01-14,29.5,29.8,28.05,29.05,573,29.05
2009-01-13,29.1,30.9,27.15,27.25,6179,27.4
2009-01-12,28.3,32.8,28.3,29.1,2369,29.95
2009-01-09,30.2,31,28.6,30,11199,30.65
2009-01-07,36.5,37,29,34.25,10349,34.8
2009-01-06,34.75,36.5,34.75,35.6,7006,35.6
2009-01-05,37.25,39,35.55,35.7,10290,35.95
2009-01-02,34.8,40.75,34.45,36,36300,36.35
2009-01-01,32.6,36,32.55,34.35,7699,34.8
2008-12-31,31.2,33,31.2,32.5,5630,32.2
2008-12-30,29.95,31.5,29.6,31,2329,31.1
2008-12-29,30,31.25,29.7,30.95,797,30.2
2008-12-26,31.5,32.5,29.5,29.5,10002,30.25
2008-12-24,31.5,31.9,30.05,31.6,2997,31
2008-12-23,34.25,34.35,31.5,32,4623,32
2008-12-22,33.4,35,31.45,34.9,12855,34.05
2008-12-19,31,32.25,30.55,32,11133,31.5
2008-12-18,30.5,31.5,30.1,30.7,1096,30.95
2008-12-17,31.3,34.2,30.5,30.5,7954,31
2008-12-16,30.5,33.8,30.5,31.55,1697,31.6
2008-12-15,28.2,31.95,28.2,31.95,10550,31.6
2008-12-12,26,28.5,26,28,1964,27.9
2008-12-11,27.95,27.95,25.5,27,11395,27.2
2008-12-10,28.5,29.4,24,24,48530,25.2
2008-12-08,29.5,30,27.1,27.7,4177,27.75
2008-12-05,28.4,29,27.5,28.05,2363,28.6
2008-12-04,26,28.5,25.6,28.4,11995,27.7
2008-12-03,25.2,27.4,25.2,27.2,647,27.2
2008-12-02,25,26.8,23.2,26.45,9157,26.05
2008-12-01,26,27,25.25,26.55,1224,26.55
2008-11-28,26,27.45,25,26.35,1421,26.35
2008-11-26,25,27.4,25,27.35,2201,27
2008-11-25,29.8,29.8,24.5,24.5,8245,24.95
2008-11-24,28.1,29.8,25.15,27.75,1996,27.7
2008-11-21,29.9,29.9,25,28,9507,28.05
2008-11-20,35,35,28,28.05,4956,28.25
2008-11-19,33,35,32,33.7,1735,32.9
2008-11-18,35.1,36.9,34,34.05,1500,34.8
2008-11-17,39,39.05,36.25,38.7,3024,37.05
2008-11-14,41.7,41.7,39,39,693,39.4
2008-11-12,40.05,42.75,40.05,41.25,1489,41.2
2008-11-11,43.2,44.3,42,42,1366,42.95
2008-11-10,42.05,45.5,42.05,43.05,5860,43.55
2008-11-07,42.55,45,42.55,43.3,3682,43.35
2008-11-06,45.5,48,45.3,46,1881,45.65
2008-11-05,50,53.45,47.55,49.25,2385,49.75
2008-11-04,44,53.7,43.15,52,28867,50.2
2008-11-03,45,45.5,42.3,44.8,8929,44.75
2008-10-31,42,45.4,42,44.25,10419,44.15
2008-10-29,35.15,40.8,35.15,40,2404,40
2008-10-28,38.5,40,37.2,39,1905,39.1
2008-10-27,38,39.95,36.3,39.85,4993,38
2008-10-24,41.45,44.8,37.3,40,6743,39
2008-10-23,43,48,42,45.8,7164,45.45
2008-10-22,40.05,45.8,40.05,45.8,4256,45.25
2008-10-21,38.3,42.8,38.3,42.5,5323,42.45
2008-10-20,40.1,40.95,36,40.95,3114,38.55
2008-10-17,41.5,42,38,39.5,2701,38.8
2008-10-16,37,41.5,36.1,39,4837,39.8
2008-10-15,44,44,38.55,38.75,3189,39.2
2008-10-14,45,49.95,43.4,45.55,11542,44.55
2008-10-13,44.8,45,41.5,44.15,3695,44.15
2008-10-10,45.9,45.9,40.05,40.6,4069,41
2008-10-08,50,50,44,46.8,4734,46.3
2008-10-07,55.25,55.5,50,50,6670,51.05
2008-10-06,60,60,54,54.8,5185,54.45
2008-10-03,63.1,66.5,58.15,59,11595,59.9
2008-10-01,57,65,57,65,15459,64.6
2008-09-30,50.05,64.95,50,59.9,7489,58
2008-09-29,58.3,58.55,55.15,56.75,12208,55.9
2008-09-26,61.1,62,58.6,58.6,3518,59.65
2008-09-25,62.05,64,59.55,64,4317,62.45
2008-09-24,62,62.45,61,61.6,3281,61.65
2008-09-23,62.4,63.7,61.4,62,1835,62.15
2008-09-22,66.05,66.05,63,63,5880,63.7
2008-09-19,64.2,68,62.35,65,4923,64.4
2008-09-18,60,65.75,59.4,64.6,22803,64.9
2008-09-17,63.35,65.4,61.9,64,31011,63.05
2008-09-16,60.05,64.4,60.05,64.3,18237,64
2008-09-15,62.65,66.8,58.35,64.15,34530,64.55
2008-09-12,72.2,73.5,65.1,65.85,38912,65.95
2008-09-11,70,75,70,72.2,24068,72.1
2008-09-10,77.4,78.3,72.4,72.6,34365,72.6
2008-09-09,77.9,79.8,75.55,77,43994,76.3
2008-09-08,82,90,75.2,76.25,276988,76.95
2008-09-05,72,82.85,71.6,77.95,100365,78.3
2008-09-04,72.55,75.5,71.2,71.2,3734,72.35
2008-09-02,72.55,75.95,72.55,74.5,4208,74.5
2008-09-01,77,77,72,75.75,2996,74.7
2008-08-29,75,76.75,71.6,71.7,7078,72.45
2008-08-28,72.05,77,70.45,74.55,5354,74.95
2008-08-27,70.6,73,70.6,72.4,3017,71.55
2008-08-26,67.8,73,67.8,72.15,4438,71.95
2008-08-25,68.1,71,68.1,68.9,15565,69.25
2008-08-22,69.7,71,69.5,70,1055,70
2008-08-21,73.85,73.85,70.5,70.5,1419,70.6
2008-08-20,72.5,72.95,70.15,72.95,2517,71.7
2008-08-19,71.4,72.25,70.15,72,2305,72
2008-08-18,72.05,75,70,70,4637,71.35
2008-08-14,74.1,75,72.2,72.2,1898,73.05
2008-08-13,73.7,75.9,73.6,75,2520,75.15
2008-08-12,77,78,75.1,75.9,13515,75.35
2008-08-11,75.25,76.9,75.05,75.1,1832,75.7
2008-08-08,74.45,76.5,74.1,75,2148,75
2008-08-07,76.9,76.9,75.4,75.65,2505,76
2008-08-06,79,79,76,76,4468,76.45
2008-08-05,74.5,78,74.5,78,4743,77.2
2008-08-04,73,77.95,73,77.5,1798,76.65
2008-08-01,70.8,76.2,70.8,75.95,17025,74.2
2008-07-31,76.3,76.3,72.8,75,1205,73.65
2008-07-30,73.6,75.95,73.6,73.75,2619,74.75
2008-07-29,75,79.7,71.65,74.9,4261,74.3
2008-07-28,78.95,78.95,74.5,77.05,2759,77.1
2008-07-25,78,78,73,75.35,1929,75.35
2008-07-24,78.1,82,73.3,73.85,12787,74.75
2008-07-23,72,81.75,72,77.55,22023,77.95
2008-07-22,69.15,72,69.15,71.1,7852,71.5
2008-07-21,74.05,77.85,66.95,68.8,24213,68.75
2008-07-18,60.25,72.2,60.25,71.15,21651,70.9
2008-07-17,60.5,61.7,60.15,60.15,1625,60.15
2008-07-16,60,61.8,58.95,60.95,1655,60.95
2008-07-15,59.1,61.65,59.1,60.15,2957,60.65
2008-07-14,65,65,58.5,61.4,4241,61.4
2008-07-11,57.6,67.1,56.05,63.95,13150,62.65
2008-07-10,57,59.7,57,57.55,2191,57.95
2008-07-09,56,61.9,53.75,57.3,18520,57.95
2008-07-08,54,54.9,51,54,4167,53.35
2008-07-07,58,58.7,56,56,2103,56.5
2008-07-04,52.9,57.4,52.6,57,2391,56.1
2008-07-03,58,58,50,54.8,7628,54.8
2008-07-02,51.1,59.8,50.7,58,61549,55.95
2008-07-01,58.8,63,53,53,6283,54.5
2008-06-30,61,63,58,59,4941,58.7
2008-06-27,64,64.5,61.15,62,3159,61.85
2008-06-26,62.5,68,62.5,64.15,1651,64.55
2008-06-25,62.1,67.9,62.05,66,3758,66.15
2008-06-24,65.15,70.5,64.95,66.9,3645,68.05
2008-06-23,64.65,66.5,64,65.3,3872,65.15
2008-06-20,72,72,66,67.05,7740,67.45
2008-06-19,73.2,73.8,70.6,71.8,3070,71.85
2008-06-18,75.7,76.5,73.5,74,11271,73.6
2008-06-17,76,76,72.3,74.75,8021,74.65
2008-06-16,76.8,76.8,72.05,72.05,2911,72.6
2008-06-13,74,76,73,73.3,2785,73.6
2008-06-12,77,79.7,65.6,74.15,33375,74.65
2008-06-11,77.6,81,75.2,79.7,14371,78.5
2008-06-10,77,80,75.05,80,1610,78.9
2008-06-09,78,79.95,78,78,7033,78.1
2008-06-06,80,81.65,77,79.5,21292,80.75
2008-06-05,77.75,78.95,75.5,75.5,4103,76.35
2008-06-04,78.7,83.5,77.6,78.2,17699,78.55
2008-06-03,80,82.1,78.25,81,17092,79.5
2008-06-02,86,91,81,81,72915,82.1
2008-05-30,91.75,91.75,84,84,39534,86.6
2008-05-29,95,95,86.15,88.15,7288,87.55
2008-05-28,91.2,91.2,87,90.5,5566,89.5
2008-05-27,91.05,91.9,90.05,91,6290,91.2
2008-05-26,93,94,89.5,90.8,8727,90.75
2008-05-23,94.4,96.5,92.15,94.25,5210,94.25
2008-05-22,93.4,95.8,93.3,94,5491,94.55
2008-05-21,94,96.9,93.55,94.5,2551,95
2008-05-20,98.7,98.7,94.15,95.7,2358,96
2008-05-16,94.5,96,93.5,95.5,15530,94.75
2008-05-15,95,96.4,93.1,93.9,5404,93.8
2008-05-14,95,97,92.1,92.7,5026,92.95
2008-05-13,99.8,104.25,94.1,94.1,16181,95.15
2008-05-12,99,100.95,95.65,97.2,17970,97.2
2008-05-09,108,109,97.2,98.15,16983,100.85
2008-05-08,103,113.7,103,108.05,31379,108.85
2008-05-07,102.5,105,101.75,104.6,6737,104.2
2008-05-06,110,110,102,104,16367,104.35
2008-05-05,104.2,110.95,100,108.5,27437,108.15
2008-05-02,101,104,99.35,103.95,12757,103.4
2008-04-30,97,104.7,97,97.25,8481,97.65
2008-04-29,98.4,98.55,94.1,98,3083,97.15
2008-04-28,94.3,97,94.2,96.8,1273,96.8
2008-04-25,99,99,95.1,95.55,5076,96.55
2008-04-24,103,103,96.15,96.15,3286,97.45
2008-04-23,97.7,103.45,97,99,5276,99.2
2008-04-22,98.5,101,97.25,101,4817,100
2008-04-21,100,107.4,98.55,100,42159,100.15
2008-04-17,94.95,101.5,94.95,98,9528,97.9
2008-04-16,102,102,90,94.5,12008,94.05
2008-04-15,82,89.3,82,89.3,2227,88.45
2008-04-11,84.8,86.5,84,86.5,2935,86.1
2008-04-10,89.95,89.95,83.6,85.35,3220,85.6
2008-04-09,80.6,87,80.6,84.25,2434,84.2
2008-04-08,80,82.9,80,82.1,4356,82.15
2008-04-07,78,84.95,77,83,1440,82.8
2008-04-04,81.15,85.85,81,82.5,4228,81.3
2008-04-03,84.9,86.2,83.25,85.75,3446,84.65
2008-04-02,82.25,87,82.25,85.55,8335,85.3
2008-04-01,83.9,83.9,79.25,82.95,3898,82.25
2008-03-31,78,84.65,78,82,9238,81.45
2008-03-28,75,81.5,75,80.1,13685,81.1
2008-03-27,81,81,73,75,28266,76.7
2008-03-26,85.1,85.5,78.05,82.5,20875,81.1
2008-03-25,75.9,83.3,75.9,83,14743,81.5
2008-03-24,77.1,84.5,71.4,74,22266,77.4
2008-03-19,86,90,80,80.05,11475,80.2
2008-03-18,85.5,92.55,75.2,83.95,26225,86.75
2008-03-17,91,93,84.05,93,13728,89.85
2008-03-14,95,98,93,94.2,7135,94.95
2008-03-13,98.15,102,90.8,97,17540,96.65
2008-03-12,105,108,101,105,83405,103.1
2008-03-11,91,104.4,91,103,78933,102.35
2008-03-10,89.05,93.55,89,92.05,79604,92.6
2008-03-07,99.1,101.5,90.25,96,77481,93.7
2008-03-05,100.1,105.95,100.1,102,29874,101.45
2008-03-04,100.5,107,98.1,105,25591,102.7
2008-03-03,100,107.7,100,104.4,23538,102.7
2008-02-29,100.1,115,99,106.3,21312,107.2
2008-02-28,100.25,103.55,100.2,103.45,7391,102.45
2008-02-27,104,105,101.1,101.1,5451,102.15
2008-02-26,104.9,104.9,101,102.5,8677,101.55
2008-02-25,107,107,96.1,100.85,7841,100.35
2008-02-22,103,104,101.1,101.25,3444,101.75
2008-02-21,103.2,106,102.55,103.2,6882,103.7
2008-02-20,101.55,105.8,101.55,102.2,9135,102.6
2008-02-19,107.15,110.8,106,106.8,12405,106.8
2008-02-18,107,114,106,107,24277,108.25
2008-02-15,94,111.85,90,105.5,68138,106.8
2008-02-14,95,96,89,95,58877,93.2
2008-02-13,91.15,95,81,94,78927,90.85
2008-02-12,105.5,107,88,90,73493,89.15
2008-02-11,111,116,103,105,10531,105.55
2008-02-08,119,119,111,112.4,12521,112.95
2008-02-07,121.8,124.8,118,118,12543,119.15
2008-02-06,119.9,121.95,118.2,119,7723,120.4
2008-02-05,122.95,125,122,124.4,8680,123.7
2008-02-04,115,124.7,115,122.5,9764,122.1
2008-02-01,117.8,118,113,116,12872,115
2008-01-31,118.5,120,112,115,9895,115.8
2008-01-30,123.5,126.9,117,117,11364,118.2
2008-01-29,126.5,129,123.05,128.5,9859,127.25
2008-01-28,122,126.9,120,126.7,7524,124.5
2008-01-25,120.1,132,116.35,128.9,30393,127.3
2008-01-24,140,140,110,112,31171,116.6
2008-01-23,125,137,124,130,21576,128.9
2008-01-22,113.1,137,102.4,134,22420,122.55
2008-01-21,145,150,125,125.5,31355,127.9
2008-01-18,156.55,165.95,149.55,150,43289,150.55
2008-01-17,153,167.5,153,165,49456,162.9
2008-01-16,152,154,147,152.55,21392,151.95
2008-01-15,160,161.5,152,152,24697,154.2
2008-01-14,160.4,164.95,153.4,157,41736,156.15
2008-01-11,167.8,167.8,158.2,165,28975,161.8
2008-01-10,169,175,163.25,164.9,65120,164.2
2008-01-09,174.9,175.4,163.4,163.4,30543,165
2008-01-08,185.8,185.8,168,171,44574,169.9
2008-01-07,182,186.9,176.05,176.2,95386,176.55
2008-01-04,184,195,181,181,111374,182.4
2008-01-03,182.9,194.5,181.25,182.2,216907,183.05
2008-01-02,190,193.3,178,185.55,111225,184.6
2008-01-01,190,195,180,189.8,182831,189.4
2007-12-31,176,190,173.65,188.25,274842,187.9
2007-12-28,170,177,170,172,54267,173.9
2007-12-27,176,179.75,171,173.9,52132,173.65
2007-12-26,170,174.4,170,171.95,35678,170.8
2007-12-24,180,186,166.5,166.55,29709,167.15
2007-12-20,165,174,164,169.1,91344,169.4
2007-12-19,179,179,160,164.85,44341,162.4
2007-12-18,160,171.5,160,164,33432,164.2
2007-12-17,179,182,163.3,165,65162,165.9
2007-12-14,162.8,186.4,160,177.1,331447,177.55
2007-12-13,162.9,168,161,162,51252,163.85
2007-12-12,170,177.95,160.1,162.8,192592,162.05
2007-12-11,154,180.75,152.2,174,693959,175
2007-12-10,141.5,152,141,150.5,116202,150.6
2007-12-07,143,146.5,138,140,32241,139.55
2007-12-06,141.5,147.5,141.5,143.55,45832,143.05
2007-12-05,137.5,143.9,137,143,44619,142.75
2007-12-04,141,144,137.1,138,23531,138.45
2007-12-03,139,146,136.05,138,74312,139.85
2007-11-30,130.95,139,130.95,136.45,21395,136.15
2007-11-29,140,141,135,135,23411,135.7
2007-11-28,139,141.95,137.2,138.25,28949,138.65
2007-11-27,135,138.5,132,135,16841,134.6
2007-11-26,145,145,138,140,17401,140.05
2007-11-23,131.65,139.4,131.65,139,32136,138.45
2007-11-22,131.5,134.95,130,132,20304,131.65
2007-11-21,149.45,149.45,131.25,132,34553,133.15
2007-11-20,148,148,144,144,31644,144.6
2007-11-19,147.05,149.75,144.2,147.1,25658,147.6
2007-11-16,142.05,152.45,142.05,147,60783,146.55
2007-11-15,144,149,142.6,147,67434,147.2
2007-11-14,135,143,134,143,87673,140.45
2007-11-13,134,137,132,134,34720,133.85
2007-11-12,134.5,135.8,128.1,133,44368,131.95
2007-11-09,138,141,135,135.95,11910,136
2007-11-08,130.2,145.9,128,135.5,98858,136.9
2007-11-07,128.1,139.9,121.25,137.8,141546,135.25
2007-11-06,134.5,141.9,125,126.3,83182,127.35
2007-11-05,130.5,136.5,115.25,132.25,139654,133.25
2007-11-02,134.5,134.5,126,128.5,85582,128.5
2007-11-01,144,144,132,134,83959,133.95
2007-10-31,140,148.4,137.1,141.9,211170,141.2
2007-10-30,150,150,140,142.5,127056,141.15
2007-10-29,155,160,147,147.8,95168,148.45
2007-10-26,155.9,160.8,150,150.15,259279,151.3
2007-10-25,160.1,162.7,152.05,152.6,189862,154.55
2007-10-24,168,170.5,157.65,160.5,263963,159.15
2007-10-23,164.95,192.05,162.95,167.4,529012,166.75
2007-10-22,145,179.35,141,162.25,1356701,161.55
2007-10-19,174,182,151.15,158,761918,154.4
2007-10-18,187.5,220,165.15,166.1,6900423,175.1
